scheme_code,scheme_name,scheme_nav_name,fund_house,asset_class,category,amfi_category,launch_date,isin_growth,in_reference_study,first_nav_date,last_nav_date,nav_records,latest_nav,status
118387,Bandhan 10 year Constant Maturity Gilt Fund,Bandhan 10 year Constant Maturity Gilt Fund - Direct Plan - Growth,Bandhan Mutual Fund,Debt,10-year Constant Maturity Gilt,Income/Debt Oriented Schemes - 10-year Constant Maturity Gilt Fund,21-Feb-2002,INF194K01P38,No,2021-09-27,2026-09-25,1220,48.9839,Active
131301,DSP 10 year Constant Maturity Gilt Fund,DSP 10 year Constant Maturity Gilt Fund - Direct Plan - Growth,DSP Mutual Fund,Debt,10-year Constant Maturity Gilt,Income/Debt Oriented Schemes - 10-year Constant Maturity Gilt Fund,16-Sep-2014,INF740K019I5,No,2021-09-27,2026-09-25,1215,22.8974,Active
131061,ICICI Prudential 10 year Constant Maturity Gilt Fund,ICICI Prudential 10 year Constant Maturity Gilt Fund - Direct Plan - Growth,ICICI Prudential Mutual Fund,Debt,10-year Constant Maturity Gilt,Income/Debt Oriented Schemes - 10-year Constant Maturity Gilt Fund,25-Aug-2014,INF109KA1O37,No,2021-09-27,2026-09-25,1211,26.4558,Active
120137,SBI 10 YEAR CONSTANT MATURITY GILT FUND,SBI 10 YEAR CONSTANT MATURITY GILT FUND - DIRECT PLAN - GROWTH,SBI Mutual Fund,Debt,10-year Constant Maturity Gilt,Income/Debt Oriented Schemes - 10-year Constant Maturity Gilt Fund,11-Dec-2000,INF200K01SK7,No,2021-09-27,2026-09-25,1220,68.8568,Active
150410,UTI 10 year Constant Maturity Gilt Fund,UTI 10 year Constant Maturity Gilt Fund - Direct Plan - Growth Option,UTI Mutual Fund,Debt,10-year Constant Maturity Gilt,Income/Debt Oriented Schemes - 10-year Constant Maturity Gilt Fund,18-Jul-2022,INF789F1AVR7,No,2022-08-03,2026-09-25,1003,13.2699,Active
120438,Axis Banking and PSU Debt Fund,Axis Banking & PSU Debt Fund - Direct Plan - Growth Option,Axis Mutual Fund,Debt,Banking and PSU Debt,Income/Debt Oriented Schemes - Banking and PSU Debt Fund,30-May-2012,INF846K01CR6,No,2021-09-27,2026-09-25,1219,2892.9295,Active
152162,Bajaj Finserv Banking and PSU Debt Fund,Bajaj Finserv Banking and PSU Debt Fund-Direct Plan- Growth,Bajaj Finserv Mutual Fund,Debt,Banking and PSU Debt,Income/Debt Oriented Schemes - Banking and PSU Debt Fund,25-Oct-2023,INF0QA701607,No,2023-11-15,2026-09-25,693,12.2312,Active
121279,Bandhan Banking and PSU Debt Fund,Bandhan Banking and PSU Debt Fund - Direct Growth,Bandhan Mutual Fund,Debt,Banking and PSU Debt,Income/Debt Oriented Schemes - Banking and PSU Debt Fund,26-Feb-2013,INF194K015G8,No,2021-09-27,2026-09-25,1220,27.1414,Active
150505,Canara Robeco Banking and PSU Debt Fund,Canara Robeco Banking and PSU Debt Fund- Direct Plan- Growth Option,Canara Robeco Mutual Fund,Debt,Banking and PSU Debt,Income/Debt Oriented Schemes - Banking and PSU Debt Fund,29-Jul-2022,INF760K01KC4,No,2022-08-24,2026-09-25,991,12.8834,Active
124175,DSP Banking and PSU Debt Fund,DSP Banking and PSU Debt Fund - Direct Plan - Growth,DSP Mutual Fund,Debt,Banking and PSU Debt,Income/Debt Oriented Schemes - Banking and PSU Debt Fund,10-Sep-2013,INF740K01ZW2,No,2021-09-27,2026-09-25,1215,26.2788,Active
140286,Edelweiss Banking and PSU Debt Fund,Edelweiss Banking and PSU Debt Fund - Direct Plan - Growth Option,Edelweiss Mutual Fund,Debt,Banking and PSU Debt,Income/Debt Oriented Schemes - Banking and PSU Debt Fund,26-Aug-2013,INF843K01FC8,No,2021-09-27,2026-09-25,1212,27.1001,Active
151107,HSBC Banking and PSU Debt Fund,HSBC Banking and PSU Debt Fund - Direct Growth,HSBC Mutual Fund,Debt,Banking and PSU Debt,Income/Debt Oriented Schemes - Banking and PSU Debt Fund,19-Sep-2007,INF917K01HH5,No,2022-11-28,2026-09-25,929,27.1914,Active
120256,ICICI Prudential Banking and PSU Debt Fund,ICICI Prudential Banking and PSU Debt Fund - Direct Plan - Growth,ICICI Prudential Mutual Fund,Debt,Banking and PSU Debt,Income/Debt Oriented Schemes - Banking and PSU Debt Fund,28-Dec-2009,INF109K010A6,No,2021-09-27,2026-09-25,1211,36.4862,Active
120444,Invesco India Banking and PSU Debt Fund,Invesco India Banking and PSU Debt Fund - Direct Plan -  Growth Option,Invesco Mutual Fund,Debt,Banking and PSU Debt,Income/Debt Oriented Schemes - Banking and PSU Debt Fund,10-Dec-2012,INF205K01KT4,No,2021-09-27,2026-09-25,1211,2579.6227,Active
120338,LIC MF Banking & PSU Debt Fund,LIC MF Banking & PSU Debt Fund-Direct Plan-Growth,LIC Mutual Fund,Debt,Banking and PSU Debt,Income/Debt Oriented Schemes - Banking and PSU Debt Fund,28-May-2007,INF767K01GI4,No,2021-09-27,2026-09-25,1211,40.0657,Active
148419,Mirae Asset Banking and PSU Debt Fund,Mirae Asset Banking and PSU Debt Fund - Direct Plan - Growth,Mirae Asset Mutual Fund,Debt,Banking and PSU Debt,Income/Debt Oriented Schemes - Banking and PSU Debt Fund,08-Jul-2020,INF769K01FY9,No,2021-09-27,2026-09-25,1211,14.0305,Active
134547,Nippon India Banking and PSU Debt Fund,Nippon India Banking and PSU DEBT Fund- Direct Plan-Growth Plan- Growth Option,Nippon India Mutual Fund,Debt,Banking and PSU Debt,Income/Debt Oriented Schemes - Banking and PSU Debt Fund,05-May-2015,INF204KA1U53,No,2021-09-27,2026-09-25,1211,22.8929,Active
125503,SBI BANKING & PSU DEBT FUND,SBI BANKING & PSU DEBT FUND - Direct Plan - Growth,SBI Mutual Fund,Debt,Banking and PSU Debt,Income/Debt Oriented Schemes - Banking and PSU Debt Fund,30-Sep-2009,INF200K01V08,No,2021-09-27,2026-09-25,1220,3531.5302,Active
119625,Sundaram Banking and PSU Debt Fund (Formerly Known as Sundaram Banking and PSU Fund),Sundaram Banking and PSU Debt Fund Direct Plan - Growth,Sundaram Mutual Fund,Debt,Banking and PSU Debt,Income/Debt Oriented Schemes - Banking and PSU Debt Fund,25-Mar-2015,INF903J01PA5,No,2021-09-27,2026-09-25,1210,46.4558,Active
126940,UTI Banking & PSU Debt Fund,UTI Banking & PSU Debt Fund - Direct Plan - Growth Option,UTI Mutual Fund,Debt,Banking and PSU Debt,Income/Debt Oriented Schemes - Banking and PSU Debt Fund,27-Jan-2014,INF789F015Z6,No,2021-09-27,2026-09-25,1211,24.055,Active
141588,AXIS Corporate Bond Fund,Axis Corporate Bond Fund - Direct Plan Growth,Axis Mutual Fund,Debt,Corporate Bond,Income/Debt Oriented Schemes - Corporate Bond Fund,23-Jun-2017,INF846K01ZM8,No,2021-09-27,2026-09-25,1219,19.3594,Active
150237,BARODA BNP PARIBAS CORPORATE BOND FUND,BARODA BNP PARIBAS Corporate Bond Fund - Direct Plan - Growth Option,Baroda BNP Paribas Mutual Fund,Debt,Corporate Bond,Income/Debt Oriented Schemes - Corporate Bond Fund,29-Sep-2008,INF251K01GP4,No,2022-03-14,2026-09-25,1099,31.3962,Active
126685,Canara Robeco Corporate Bond Fund,CANARA ROBECO CORPORATE BOND FUND - DIRECT PLAN - GROWTH OPTION,Canara Robeco Mutual Fund,Debt,Corporate Bond,Income/Debt Oriented Schemes - Corporate Bond Fund,17-Jan-2014,INF760K01HB2,No,2021-09-27,2026-09-25,1211,24.6634,Active
118569,Franklin India Corporate Bond Fund,Franklin India Corporate Debt Fund - Direct - GROWTH,Franklin Templeton Mutual Fund,Debt,Corporate Bond,Income/Debt Oriented Schemes - Corporate Bond Fund,24-Jun-1997,INF090I01FW8,No,2021-09-27,2026-09-25,1211,116.31,Active
150996,HSBC Corporate Bond Fund,HSBC Corporate Bond Fund - Direct Growth,HSBC Mutual Fund,Debt,Corporate Bond,Income/Debt Oriented Schemes - Corporate Bond Fund,10-Feb-1997,INF917K01HN3,No,2022-11-28,2026-09-25,929,83.2172,Active
120497,Invesco India Corporate Bond Fund,Invesco India Corporate Bond Fund - Direct Plan - Growth,Invesco Mutual Fund,Debt,Corporate Bond,Income/Debt Oriented Schemes - Corporate Bond Fund,27-Jul-2007,INF205K01RF8,No,2021-09-27,2026-09-25,1211,3616.0551,Active
133791,Kotak Corporate Bond Fund,Kotak Corporate Bond Fund- Direct Plan- Growth Option,Kotak Mahindra Mutual Fund,Debt,Corporate Bond,Income/Debt Oriented Schemes - Corporate Bond Fund,18-Sep-2007,INF178L01BY0,No,2021-09-27,2026-09-25,1211,4199.9112,Active
148755,Mirae Asset Corporate Bond Fund,Mirae Asset Corporate Bond Fund - Direct Plan - Growth,Mirae Asset Mutual Fund,Debt,Corporate Bond,Income/Debt Oriented Schemes - Corporate Bond Fund,24-Feb-2021,INF769K01HD9,No,2021-09-27,2026-09-25,1211,13.8408,Active
144339,UTI - Corporate Bond Fund,UTI Corporate Bond Fund - Direct Plan - Growth Option,UTI Mutual Fund,Debt,Corporate Bond,Income/Debt Oriented Schemes - Corporate Bond Fund,23-Jul-2018,INF789F1A538,No,2021-09-27,2026-09-25,1211,17.8757,Active
130314,Axis Credit Risk Fund,Axis Credit Risk Fund - Direct Plan - Growth,Axis Mutual Fund,Debt,Credit Risk,Income/Debt Oriented Schemes - Credit Risk Fund,25-Jun-2014,INF846K01PJ5,No,2021-09-27,2026-09-25,1219,26.4251,Active
128051,HDFC Credit Risk Fund,HDFC Credit Risk Fund - Growth Option - Direct Plan,HDFC Mutual Fund,Debt,Credit Risk,Income/Debt Oriented Schemes - Credit Risk Fund,06-Mar-2014,INF179KA1FZ3,No,2021-09-27,2026-09-25,1212,28.3431,Active
151045,HSBC Credit Risk Fund,HSBC Credit Risk Fund - Direct Growth,HSBC Mutual Fund,Debt,Credit Risk,Income/Debt Oriented Schemes - Credit Risk Fund,29-Sep-2009,INF917K01UH8,No,2022-11-28,2026-09-25,929,37.7857,Active
130722,Invesco India Credit Risk Fund,Invesco India Credit Risk Fund - Direct Plan - Growth,Invesco Mutual Fund,Debt,Credit Risk,Income/Debt Oriented Schemes - Credit Risk Fund,14-Aug-2014,INF205K01I83,No,2021-09-27,2026-09-25,1211,2349.9001,Active
120764,UTI - Credit Risk Fund.,UTI Credit Risk Fund - Direct Plan - Growth Option,UTI Mutual Fund,Debt,Credit Risk,Income/Debt Oriented Schemes - Credit Risk Fund,25-Oct-2012,INF789F01YB6,No,2021-09-27,2026-09-25,1211,20.8779,Active
154654,DSP Financial Services Sectoral Debt Fund,DSP Financial Services Sectoral Debt Fund - Direct - Growth,DSP Mutual Fund,Debt,Debt Sectoral,Income/Debt Oriented Schemes - Sectoral Fund,19-Aug-2026,INF740KA1ZM9,No,2026-08-28,2026-09-25,20,10.0372,Active
122715,360 ONE Dynamic Term Fund,360 ONE Dynamic Term Fund Direct Plan Growth,360 ONE Mutual Fund,Debt,Dynamic Term,Income/Debt Oriented Schemes - Dynamic Term Fund,06-Jun-2013,INF579M01266,No,2021-09-27,2026-09-25,1211,25.5014,Active
119505,Aditya Birla Sun Life Dynamic Term Fund,Aditya Birla Sun Life Dynamic Term Fund - Growth - Direct Plan,Aditya Birla Sun Life Mutual Fund,Debt,Dynamic Term,Income/Debt Oriented Schemes - Dynamic Term Fund,10-Sep-2004,INF209K01N82,No,2021-09-27,2026-09-25,1212,52.9519,Active
120451,Axis Dynamic Term Fund,Axis Dynamic Bond Fund - Direct Plan - Growth Option,Axis Mutual Fund,Debt,Dynamic Term,Income/Debt Oriented Schemes - Dynamic Term Fund,06-Apr-2011,INF846K01DI3,No,2021-09-27,2026-09-25,1219,34.764,Active
118416,BANDHAN Dynamic Term Fund,BANDHAN Dynamic Term Fund-Direct Plan-Growth,Bandhan Mutual Fund,Debt,Dynamic Term,Income/Debt Oriented Schemes - Dynamic Term Fund,25-Jun-2002,INF194K01N63,No,2021-09-27,2026-09-25,1220,40.2099,Active
150180,Baroda BNP Paribas Dynamic Term Fund,Baroda BNP Paribas Dynamic Term Fund - Direct Plan - Growth Option,Baroda BNP Paribas Mutual Fund,Debt,Dynamic Term,Income/Debt Oriented Schemes - Dynamic Term Fund,09-Aug-2004,INF251K01GW0,No,2022-03-14,2026-09-25,1099,52.4128,Active
118284,Canara Robeco Dynamic Term Fund,CANARA ROBECO DYNAMIC TERM FUND - DIRECT PLAN - GROWTH OPTION,Canara Robeco Mutual Fund,Debt,Dynamic Term,Income/Debt Oriented Schemes - Dynamic Term Fund,04-May-2009,INF760K01EC7,No,2021-09-27,2026-09-25,1211,33.1082,Active
119239,DSP Dynamic Term Fund,DSP Dynamic Term Fund - Direct Plan - Growth,DSP Mutual Fund,Debt,Dynamic Term,Income/Debt Oriented Schemes - Dynamic Term Fund,23-Apr-2007,INF740K01QG4,No,2021-09-27,2026-09-25,1215,3677.8695,Active
145589,Groww Dynamic Term Fund,Groww Dynamic Term Fund (formerly known as Indiabulls Dynamic Bond Fund) - Direct Plan - Growth option,Groww Mutual Fund,Debt,Dynamic Term,Income/Debt Oriented Schemes - Dynamic Term Fund,16-Nov-2018,INF666M01EK5,No,2021-09-27,2026-09-25,1211,1583.2327,Active
119075,HDFC Dynamic Term Fund,HDFC Dynamic Term Fund - Growth Option - Direct Plan,HDFC Mutual Fund,Debt,Dynamic Term,Income/Debt Oriented Schemes - Dynamic Term Fund,28-Apr-1997,INF179K01WB4,No,2021-09-27,2026-09-25,1212,103.3856,Active
151087,HSBC Dynamic Term Fund,HSBC Dynamic Term Fund - Direct Growth,HSBC Mutual Fund,Debt,Dynamic Term,Income/Debt Oriented Schemes - Dynamic Term Fund,17-Aug-2006,INF917K01HA0,No,2022-11-28,2026-09-25,929,33.3588,Active
120603,ICICI Prudential Dynamic Term Fund,ICICI Prudential Dynamic Term Fund - Direct Plan - Growth,ICICI Prudential Mutual Fund,Debt,Dynamic Term,Income/Debt Oriented Schemes - Dynamic Term Fund,12-Mar-2008,INF109K016E5,No,2021-09-27,2026-09-25,1211,42.5419,Active
149029,ITI Dynamic Term Fund,ITI Dynamic Term Fund - Direct Plan - Growth Option,ITI Mutual Fund,Debt,Dynamic Term,Income/Debt Oriented Schemes - Dynamic Term Fund,25-Jun-2021,INF00XX01BC4,No,2021-09-27,2026-09-25,1210,13.4297,Active
120435,JM Dynamic Term Fund,JM Dynamic Term Fund - (Direct) - Growth Option,JM Financial Mutual Fund,Debt,Dynamic Term,Income/Debt Oriented Schemes - Dynamic Term Fund,23-Jun-2003,INF192K01DD3,No,2021-09-27,2026-09-25,1211,46.4267,Active
119755,Kotak Dynamic Term Fund,Kotak Dynamic Term Fund - Growth - Direct,Kotak Mahindra Mutual Fund,Debt,Dynamic Term,Income/Debt Oriented Schemes - Dynamic Term Fund,26-May-2008,INF174K01JU2,No,2021-09-27,2026-09-25,1211,43.5967,Active
144403,Mahindra Manulife Dynamic Term Fund,Mahindra Manulife Dynamic Bond Fund - Direct Plan - Growth,Mahindra Manulife Mutual Fund,Debt,Dynamic Term,Income/Debt Oriented Schemes - Dynamic Term Fund,27-Jul-2018,INF174V01580,No,2021-09-27,2026-09-25,1211,16.3759,Active
140769,Mirae Asset Dynamic Term Fund,Mirae Asset Dynamic Term Fund - Direct Plan - Growth,Mirae Asset Mutual Fund,Debt,Dynamic Term,Income/Debt Oriented Schemes - Dynamic Term Fund,03-Mar-2017,INF769K01DR8,No,2021-09-27,2026-09-25,1211,18.7599,Active
118747,Nippon India Dynamic Term Fund,Nippon India Dynamic Term Fund - Direct Plan Growth Plan - Growth Option,Nippon India Mutual Fund,Debt,Dynamic Term,Income/Debt Oriented Schemes - Dynamic Term Fund,16-Oct-2004,INF204K01A25,No,2021-09-27,2026-09-25,1211,42.2554,Active
120084,PGIM India Dynamic Term Fund,PGIM India Dynamic Term Fund - Direct Plan-Growth Option,PGIM India Mutual Fund,Debt,Dynamic Term,Income/Debt Oriented Schemes - Dynamic Term Fund,03-Jan-2012,INF663L01AD7,No,2021-09-27,2026-09-25,1211,3108.3689,Active
119671,SBI DYNAMIC TERM FUND,SBI Dynamic Term Fund - DIRECT PLAN - Growth,SBI Mutual Fund,Debt,Dynamic Term,Income/Debt Oriented Schemes - Dynamic Term Fund,15-Dec-2003,INF200K01RD4,No,2021-09-27,2026-09-25,1220,41.5218,Active
119311,Union Dynamic Term Fund,Union Dynamic Term Fund - Direct Plan - Growth Option,Union Mutual Fund,Debt,Dynamic Term,Income/Debt Oriented Schemes - Dynamic Term Fund,23-Jan-2012,INF582M01799,No,2021-09-27,2026-09-25,1210,24.8324,Active
120762,UTI Dynamic Term Fund,UTI Dynamic Term Fund - Direct Plan - Growth Option,UTI Mutual Fund,Debt,Dynamic Term,Income/Debt Oriented Schemes - Dynamic Term Fund,16-Jun-2010,INF789F01XD4,No,2021-09-27,2026-09-25,1211,35.6713,Active
122646,Aditya Birla Sun Life Floating Interest Rates Fund,Aditya Birla Sun Life Floating Interest Rate Fund-Direct Plan-Growth,Aditya Birla Sun Life Mutual Fund,Debt,Floating Interest Rates,Income/Debt Oriented Schemes - Floating Interest Rates Fund,01-Jun-2003,INF209K01UX7,No,2021-09-27,2026-09-25,1212,385.5805,Active
149049,Axis Floating Interest Rates Fund,Axis Floater Fund - Direct Plan - Growth,Axis Mutual Fund,Debt,Floating Interest Rates,Income/Debt Oriented Schemes - Floating Interest Rates Fund,12-Jul-2021,INF846K014A6,No,2021-09-27,2026-09-25,1219,1426.7662,Active
148711,BANDHAN FLOATING INTEREST RATES FUND,BANDHAN FLOATING INTEREST RATES FUND  - DIRECT PLAN GROWTH,Bandhan Mutual Fund,Debt,Floating Interest Rates,Income/Debt Oriented Schemes - Floating Interest Rates Fund,10-Feb-2021,INF194KB1BA5,No,2021-09-27,2026-09-25,1220,14.2494,Active
148771,DSP Floating Interest Rates Fund,DSP Floating Interest Rates Fund - Direct Plan - Growth,DSP Mutual Fund,Debt,Floating Interest Rates,Income/Debt Oriented Schemes - Floating Interest Rates Fund,04-Mar-2021,INF740KA1PV1,No,2021-09-27,2026-09-25,1215,14.3104,Active
118508,Franklin India Floating Interest Rates Fund,Franklin India Floating Rate Fund - Direct - Growth,Franklin Templeton Mutual Fund,Debt,Floating Interest Rates,Income/Debt Oriented Schemes - Floating Interest Rates Fund,23-Apr-2001,INF090I01LK1,No,2021-09-27,2026-09-25,1211,48.179,Active
118961,HDFC Floating Interest Rates Fund,HDFC Floating Interest Rates Fund - Direct Plan - Growth Option,HDFC Mutual Fund,Debt,Floating Interest Rates,Income/Debt Oriented Schemes - Floating Interest Rates Fund,23-Oct-2007,INF179K01VQ4,No,2021-09-27,2026-09-25,1212,54.8541,Active
120425,ICICI Prudential Floating Interest Rates Fund,ICICI Prudential Floating Interest Rates Fund - Direct Plan - Growth,ICICI Prudential Mutual Fund,Debt,Floating Interest Rates,Income/Debt Oriented Schemes - Floating Interest Rates Fund,01-Jan-2000,INF109K01P57,No,2021-09-27,2026-09-25,1211,501.9249,Active
147269,Kotak Floating Interest Rates Fund,Kotak Floating Interest Rates Fund - Direct Plan - Growth Option,Kotak Mahindra Mutual Fund,Debt,Floating Interest Rates,Income/Debt Oriented Schemes - Floating Interest Rates Fund,09-May-2019,INF174KA1EC0,No,2021-09-27,2026-09-25,1211,1666.4928,Active
118656,Nippon India Floating Interest Rates Fund,Nippon India Floating Interest Rates  Fund  - Direct Plan Growth Plan - Growth Option,Nippon India Mutual Fund,Debt,Floating Interest Rates,Income/Debt Oriented Schemes - Floating Interest Rates Fund,23-Aug-2004,INF204K01E05,No,2021-09-27,2026-09-25,1211,50.939,Active
148550,SBI Floating Interest Rates Fund,SBI Floating Interest Rates Fund - Direct Plan - Growth,SBI Mutual Fund,Debt,Floating Interest Rates,Income/Debt Oriented Schemes - Floating Interest Rates Fund,06-Oct-2020,INF200KA1R64,No,2021-09-27,2026-09-25,1220,14.4777,Active
149007,Tata Floating Interest Rates Fund,Tata Floating Rate Fund -Direct Plan-Growth,Tata Mutual Fund,Debt,Floating Interest Rates,Income/Debt Oriented Schemes - Floating Interest Rates Fund,21-Jun-2021,INF277KA1026,No,2021-09-27,2026-09-25,1212,13.9843,Active
145295,UTI Floating Interest Rates Fund,UTI Floating Interest Rates Fund - Direct Plan - Growth Option,UTI Mutual Fund,Debt,Floating Interest Rates,Income/Debt Oriented Schemes - Floating Interest Rates Fund,12-Oct-2018,INF789F1ACX5,No,2021-09-27,2026-09-25,1211,1685.5611,Active
119605,Aditya Birla Sun Life Gilt Fund,Aditya Birla Sun Life Gilt Fund - Growth - Direct Plan,Aditya Birla Sun Life Mutual Fund,Debt,Gilt,Income/Debt Oriented Schemes - Gilt Fund,12-Oct-1999,INF209K01XP7,No,2021-09-27,2026-09-25,1212,88.2501,Active
120447,Axis Gilt Fund,Axis Gilt Fund - Direct Plan - Growth Option,Axis Mutual Fund,Debt,Gilt,Income/Debt Oriented Schemes - Gilt Fund,10-Jan-2012,INF846K01DD4,No,2021-09-27,2026-09-25,1219,28.4638,Active
119341,BARODA BNP PARIBAS GILT FUND,Baroda BNP Paribas GILT FUND - Direct Plan - Growth Option,Baroda BNP Paribas Mutual Fund,Debt,Gilt,Income/Debt Oriented Schemes - Gilt Fund,14-Feb-2002,INF955L01AD7,No,2021-09-27,2026-09-25,1212,48.2889,Active
118299,Canara Robeco Gilt Fund,CANARA ROBECO GILT FUND - DIRECT PLAN - GROWTH OPTION,Canara Robeco Mutual Fund,Debt,Gilt,Income/Debt Oriented Schemes - Gilt Fund,22-Dec-1999,INF760K01FC4,No,2021-09-27,2026-09-25,1211,83.3352,Active
140298,Edelweiss Gilt Fund,Edelweiss Gilt Fund - Direct Plan - Growth Option,Edelweiss Mutual Fund,Debt,Gilt,Income/Debt Oriented Schemes - Gilt Fund,05-Feb-2014,INF843K01GS2,No,2021-09-27,2026-09-25,1212,26.5396,Active
118498,Franklin India Gilt Fund,Franklin India Government Securities Fund - Direct - Growth,Franklin Templeton Mutual Fund,Debt,Gilt,Income/Debt Oriented Schemes - Gilt Fund,21-Jun-1999,INF090I01HS2,No,2021-09-27,2026-09-25,1211,67.7479,Active
153477,Groww Gilt Fund,Groww Gilt Fund - Direct - Growth,Groww Mutual Fund,Debt,Gilt,Income/Debt Oriented Schemes - Gilt Fund,23-Apr-2025,INF666M01KK2,No,2025-05-13,2026-09-25,336,10.0473,Active
151014,HSBC Gilt Fund,HSBC Gilt Fund - Direct Growth,HSBC Mutual Fund,Debt,Gilt,Income/Debt Oriented Schemes - Gilt Fund,28-Mar-2000,INF917K01FI7,No,2022-11-28,2026-09-25,929,77.3326,Active
120520,Invesco India Gilt Fund,Invesco India Gilt Fund - Direct  Plan - Growth,Invesco Mutual Fund,Debt,Gilt,Income/Debt Oriented Schemes - Gilt Fund,30-Jan-2008,INF205K01SN0,No,2021-09-27,2026-09-25,1211,3224.2327,Active
120282,LIC MF Gilt Fund,LIC MF Gilt Fund-Direct Plan-Growth,LIC Mutual Fund,Debt,Gilt,Income/Debt Oriented Schemes - Gilt Fund,15-Nov-1999,INF767K01EZ3,No,2021-09-27,2026-09-25,1211,66.8861,Active
119953,Tata Gilt Fund,Tata Gilt Securities Fund- Direct Plan - Growth Option,Tata Mutual Fund,Debt,Gilt,Income/Debt Oriented Schemes - Gilt Fund,01-Jan-2013,INF277K01OX7,No,2021-09-27,2026-09-25,1212,90.2578,Active
120792,UTI - Gilt Fund,UTI - GILT FUND - Direct Plan - Growth Option,UTI Mutual Fund,Debt,Gilt,Income/Debt Oriented Schemes - Gilt Fund,14-Jan-2001,INF789F01TL5,No,2021-09-27,2026-09-25,1211,68.2954,Active
125345,360 ONE Liquid Fund,360 ONE LIQUID FUND DIRECT PLAN  GROWTH,360 ONE Mutual Fund,Debt,Liquid,Income/Debt Oriented Schemes - Liquid Fund,01-Nov-2013,INF579M01621,No,2021-09-26,2026-09-25,1347,2177.9945,Active
154051,Abakkus Liquid Fund,Abakkus Liquid Fund - Direct Plan - Growth,Abakkus Mutual Fund,Debt,Liquid,Income/Debt Oriented Schemes - Liquid Fund,08-Dec-2025,INF2JJD01029,No,2025-12-15,2026-09-25,242,104.6739,Active
154589,ASK Liquid Fund,ASK Liquid Fund Direct Growth,ASK MUTUAL FUND,Debt,Liquid,Income/Debt Oriented Schemes - Liquid Fund,12-Aug-2026,INF2XUU01013,No,2026-09-02,2026-09-24,16,1004.7014,Active
120389,Axis Liquid Fund,Axis Liquid Fund - Direct Plan - Growth Option,Axis Mutual Fund,Debt,Liquid,Income/Debt Oriented Schemes - Liquid Fund,08-Oct-2009,INF846K01CX4,No,2021-09-26,2026-09-25,1541,3167.6521,Active
119415,BARODA BNP PARIBAS LIQUID FUND,Baroda BNP Paribas LIQUID FUND - DIRECT PLAN - GROWTH OPTION,Baroda BNP Paribas Mutual Fund,Debt,Liquid,Income/Debt Oriented Schemes - Liquid Fund,14-Feb-2002,INF955L01AL0,No,2021-09-25,2026-09-25,1461,3279.844,Active
118305,Canara Robeco Liquid Fund,CANARA ROBECO LIQUID FUND - DIRECT PLAN - GROWTH OPTION,Canara Robeco Mutual Fund,Debt,Liquid,Income/Debt Oriented Schemes - Liquid Fund,09-Jan-2002,INF760K01FU6,No,2021-09-26,2026-09-25,1313,3410.819,Active
119125,DSP Liquid Fund,DSP Liquid Fund - Direct Plan - Growth,DSP Mutual Fund,Debt,Liquid,Income/Debt Oriented Schemes - Liquid Fund,23-Nov-2005,INF740K01QL4,No,2021-09-26,2026-09-25,1570,4071.5589,Active
119135,Groww Liquid Fund,Groww Liquid Fund ( formerly known as Indiabulls Liquid )Fund - Direct Plan - Growth Option,Groww Mutual Fund,Debt,Liquid,Income/Debt Oriented Schemes - Liquid Fund,24-Oct-2011,INF666M01451,No,2021-09-26,2026-09-25,1500,2759.3002,Active
120038,HSBC Liquid Fund,HSBC Liquid Fund -  Growth Direct,HSBC Mutual Fund,Debt,Liquid,Income/Debt Oriented Schemes - Liquid Fund,14-Nov-2002,INF336L01CC8,No,2021-09-26,2026-09-25,1511,2835.6627,Active
120537,Invesco India Liquid Fund,Invesco India Liquid Fund - Direct Plan - Growth,Invesco Mutual Fund,Debt,Liquid,Income/Debt Oriented Schemes - Liquid Fund,13-Nov-2006,INF205K01MF9,No,2021-09-26,2026-09-25,1518,3906.6747,Active
153651,JioBlackRock Liquid Fund,JioBlackRock Liquid Fund - Direct Plan - Growth Option,Jio BlackRock Mutual Fund,Debt,Liquid,Income/Debt Oriented Schemes - Liquid Fund,30-Jun-2025,INF22M001010,No,2025-07-06,2026-09-25,383,1079.6173,Active
120406,JM Liquid Fund,JM Liquid Fund (Direct) - Growth Option,JM Financial Mutual Fund,Debt,Liquid,Income/Debt Oriented Schemes - Liquid Fund,23-Dec-1997,INF192K01CM6,No,2021-09-26,2026-09-25,1556,77.6352,Active
119766,Kotak Liquid Fund,Kotak Liquid Fund - Direct Plan - Growth,Kotak Mahindra Mutual Fund,Debt,Liquid,Income/Debt Oriented Schemes - Liquid Fund,04-Oct-2000,INF174K01NE8,No,2021-09-26,2026-09-25,1549,5750.3957,Active
139538,Mahindra Manulife Liquid Fund,Mahindra Manulife Liquid Fund - Direct Plan -Growth,Mahindra Manulife Mutual Fund,Debt,Liquid,Income/Debt Oriented Schemes - Liquid Fund,04-Jul-2016,INF174V01044,No,2021-09-25,2026-09-24,1352,1854.4126,Active
118859,Mirae Asset Liquid Fund,Mirae Asset Liquid Fund - Direct Plan - Growth,Mirae Asset Mutual Fund,Debt,Liquid,Income/Debt Oriented Schemes - Liquid Fund,05-Jan-2009,INF769K01CM1,No,2021-09-26,2026-09-25,1540,3004.5591,Active
153035,Shriram Liquid Fund,Shriram Liquid Fund - Direct Plan Growth Option,Shriram Mutual Fund,Debt,Liquid,Income/Debt Oriented Schemes - Liquid Fund,04-Nov-2024,INF680P01430,No,2024-11-20,2026-09-25,600,1123.611,Active
120304,UTI - Liquid Fund,UTI Liquid Fund - Direct Plan - Growth Option,UTI Mutual Fund,Debt,Liquid,Income/Debt Oriented Schemes - Liquid Fund,23-Jun-2003,INF789F1AD46,No,2021-09-26,2026-09-24,1588,466.7238,Active
145971,WhiteOak Capital Liquid Fund,WhiteOak Capital Liquid Fund- Direct plan-Growth Option,WhiteOak Capital Mutual Fund,Debt,Liquid,Income/Debt Oriented Schemes - Liquid Fund,02-Jan-2019,INF03VN01043,No,2021-09-26,2026-09-24,1360,1523.4801,Active
150484,Aditya Birla Sun Life Long Term Fund,Aditya Birla Sun Life Long Term Fund-Direct Growth,Aditya Birla Sun Life Mutual Fund,Debt,Long Term,Income/Debt Oriented Schemes - Long Term Fund,22-Jul-2022,INF209KB17J2,No,2022-08-10,2026-09-25,1000,13.3582,Active
151179,Axis Long Term Fund,Axis Long Duration Fund - Direct Plan - Growth,Axis Mutual Fund,Debt,Long Term,Income/Debt Oriented Schemes - Long Term Fund,07-Dec-2022,INF846K014L3,No,2022-12-30,2026-09-25,912,1259.3271,Active
152520,BANDHAN LONG TERM FUND,Bandhan Long Term Fund - Direct Plan - Growth,Bandhan Mutual Fund,Debt,Long Term,Income/Debt Oriented Schemes - Long Term Fund,05-Mar-2024,INF194KB1HY2,No,2024-03-21,2026-09-25,617,11.4108,Active
153102,Franklin India Long Term Fund,Franklin India Long Duration Fund - Direct - Growth,Franklin Templeton Mutual Fund,Debt,Long Term,Income/Debt Oriented Schemes - Long Term Fund,20-Nov-2024,INF090I01XY7,No,2024-12-11,2026-09-25,434,10.8431,Active
151313,HDFC Long Term Fund,HDFC Long Term Fund - Growth Option - Direct Plan,HDFC Mutual Fund,Debt,Long Term,Income/Debt Oriented Schemes - Long Term Fund,06-Jan-2023,INF179KC1ET7,No,2023-01-20,2026-09-25,890,12.5049,Active
120743,ICICI Prudential Long Term Fund,ICICI Prudential Long Term Fund - Direct Plan - Growth,ICICI Prudential Mutual Fund,Debt,Long Term,Income/Debt Oriented Schemes - Long Term Fund,11-Dec-2012,INF109K017L8,No,2021-09-27,2026-09-25,1211,100.7395,Active
152491,Kotak Long Term Fund,Kotak Long Term Fund - Direct Plan - Growth,Kotak Mahindra Mutual Fund,Debt,Long Term,Income/Debt Oriented Schemes - Long Term Fund,28-Feb-2024,INF174KA1RF5,No,2024-03-12,2026-09-25,615,11.1357,Active
153105,Mirae Asset Long Term Fund,Mirae Asset Long Term Fund - Direct Plan - Growth,Mirae Asset Mutual Fund,Debt,Long Term,Income/Debt Oriented Schemes - Long Term Fund,21-Nov-2024,INF769K01NC9,No,2024-12-09,2026-09-25,437,10.4958,Active
143704,Nippon India Nivesh Lakshya Long Term Fund,Nippon India Nivesh Lakshya Long Term Fund- Direct Plan- Growth Option,Nippon India Mutual Fund,Debt,Long Term,Income/Debt Oriented Schemes - Long Term Fund,18-Jun-2018,INF204KB1YQ1,No,2021-09-27,2026-09-25,1211,18.5657,Active
151214,SBI Long Term Fund,SBI Long Term Fund - Direct Plan - Growth,SBI Mutual Fund,Debt,Long Term,Income/Debt Oriented Schemes - Long Term Fund,12-Dec-2022,INF200KA16T4,No,2022-12-28,2026-09-25,915,12.7415,Active
151523,UTI Long Term Fund,UTI Long Term Fund - Direct Plan - Growth Option,UTI Mutual Fund,Debt,Long Term,Income/Debt Oriented Schemes - Long Term Fund,06-Mar-2023,INF789F1AYB5,No,2023-03-21,2026-09-25,849,12.2748,Active
119539,Aditya Birla Sun Life Medium Term Fund,Aditya Birla Sun Life Medium Term Fund - Growth - Direct Plan,Aditya Birla Sun Life Mutual Fund,Debt,Medium Term,Income/Debt Oriented Schemes - Medium Term Fund,23-Mar-2009,INF209K01XA9,No,2021-09-27,2026-09-25,1212,48.0273,Active
120475,Axis Medium Term Fund,Axis Strategic Bond Fund - Direct Plan - Growth Option,Axis Mutual Fund,Debt,Medium Term,Income/Debt Oriented Schemes - Medium Term Fund,09-Mar-2012,INF846K01DT0,No,2021-09-27,2026-09-25,1219,33.3245,Active
118401,Bandhan Medium Term Fund,Bandhan Medium Term Fund - Direct Plan - Growth,Bandhan Mutual Fund,Debt,Medium Term,Income/Debt Oriented Schemes - Medium Term Fund,01-Apr-2001,INF194K01S50,No,2021-09-27,2026-09-25,1220,53.3405,Active
118924,DSP Medium Term Fund,DSP Medium Term Fund - Direct Plan - Growth,DSP Mutual Fund,Debt,Medium Term,Income/Debt Oriented Schemes - Medium Term Fund,07-Apr-1997,INF740K01MZ3,No,2021-09-27,2026-09-25,1215,91.9688,Active
119081,HDFC Medium Term Fund,HDFC Medium Term Fund - Growth Option - Direct Plan,HDFC Mutual Fund,Debt,Medium Term,Income/Debt Oriented Schemes - Medium Term Fund,06-Feb-2002,INF179K01WI9,No,2021-09-27,2026-09-25,1212,65.9457,Active
151146,HSBC Medium Term Fund,HSBC Medium Term Fund - Direct Growth,HSBC Mutual Fund,Debt,Medium Term,Income/Debt Oriented Schemes - Medium Term Fund,22-Jan-2015,INF917K01TK4,No,2022-11-28,2026-09-25,929,23.8523,Active
120670,ICICI Prudential Medium Term Fund,ICICI Prudential Medium Term Fund - Direct Plan - Growth,ICICI Prudential Mutual Fund,Debt,Medium Term,Income/Debt Oriented Schemes - Medium Term Fund,16-Aug-2004,INF109K015A5,No,2021-09-27,2026-09-25,1211,53.7491,Active
149011,Invesco India Medium Term Fund,Invesco India Medium Term Fund - Direct Plan - Growth,Invesco Mutual Fund,Debt,Medium Term,Income/Debt Oriented Schemes - Medium Term Fund,29-Jun-2021,INF205KA1429,No,2021-09-27,2026-09-25,1211,1356.6613,Active
130050,Nippon India Medium Term Fund (Existing Number of Segregated Portfolios - 1),Nippon India Medium Term Fund - Direct Plan - Growth Option,Nippon India Mutual Fund,Debt,Medium Term,Income/Debt Oriented Schemes - Medium Term Fund,06-Jun-2014,INF204KA1QF1,No,2021-09-27,2026-09-25,1211,18.3601,Active
119824,SBI MEDIUM TERM FUND,SBI MEDIUM TERM FUND - DIRECT PLAN - GROWTH,SBI Mutual Fund,Debt,Medium Term,Income/Debt Oriented Schemes - Medium Term Fund,01-Oct-2003,INF200K01VB0,No,2021-09-27,2026-09-25,1220,59.6784,Active
119675,Sundaram Medium Term Fund (Formerly Known as Sundaram Medium Duration Fund),Sundaram Medium Term Fund Direct Plan - Growth,Sundaram Mutual Fund,Debt,Medium Term,Income/Debt Oriented Schemes - Medium Term Fund,16-Oct-1997,INF903J01PO6,No,2021-09-27,2026-09-25,1210,80.5681,Active
134503,UTI Medium Term Fund,UTI Medium Term Fund - Direct Plan - Growth Option,UTI Mutual Fund,Debt,Medium Term,Income/Debt Oriented Schemes - Medium Term Fund,25-Mar-2015,INF789FB1KE6,No,2021-09-27,2026-09-25,1211,20.7065,Active
119657,Aditya Birla Sun Life Medium to Long Term Fund,Aditya Birla Sun Life Medium to Long Term Fund - Growth - Direct Plan,Aditya Birla Sun Life Mutual Fund,Debt,Medium to Long Term,Income/Debt Oriented Schemes - Medium to Long Term Fund,01-Jan-1994,INF209K01WY1,No,2021-09-27,2026-09-25,1212,140.1179,Active
118394,Bandhan Medium to Long Term Fund,Bandhan Medium to Long Term Fund - Direct Plan - Growth,Bandhan Mutual Fund,Debt,Medium to Long Term,Income/Debt Oriented Schemes - Medium to Long Term Fund,01-Jan-2005,INF194K01R51,No,2021-09-27,2026-09-25,1220,74.9504,Active
118282,Canara Robeco Medium To Long Term Fund,CANARA ROBECO MEDIUM TO LONG TERM FUND - DIRECT PLAN - GROWTH OPTION,Canara Robeco Mutual Fund,Debt,Medium to Long Term,Income/Debt Oriented Schemes - Medium to Long Term Fund,20-Aug-2002,INF760K01FI1,No,2021-09-27,2026-09-25,1211,64.5936,Active
152851,Franklin India Medium to Long Term Fund,Franklin India Medium to Long Duration Fund - Direct Growth,Franklin Templeton Mutual Fund,Debt,Medium to Long Term,Income/Debt Oriented Schemes - Medium to Long Term Fund,03-Sep-2024,INF090I01XG4,No,2024-09-24,2026-09-25,486,11.269,Active
119069,HDFC Medium to Long Term Fund,HDFC Medium to Long Term Fund - Growth Option - Direct Plan,HDFC Mutual Fund,Debt,Medium to Long Term,Income/Debt Oriented Schemes - Medium to Long Term Fund,11-Sep-2000,INF179K01WL3,No,2021-09-27,2026-09-25,1212,67.2153,Active
120059,HSBC Medium to Long Term Fund,HSBC Medium to Long Term Fund - Direct Growth,HSBC Mutual Fund,Debt,Medium to Long Term,Income/Debt Oriented Schemes - Medium to Long Term Fund,14-Nov-2002,INF336L01DE2,No,2021-09-27,2026-09-25,1212,48.7924,Active
120619,ICICI Prudential Medium to Long Term Fund,ICICI Prudential Medium to Long Term Fund - Direct Plan - Growth,ICICI Prudential Mutual Fund,Debt,Medium to Long Term,Income/Debt Oriented Schemes - Medium to Long Term Fund,13-Aug-2008,INF109K01V83,No,2021-09-27,2026-09-25,1211,44.7944,Active
120430,JM Medium to Long Term Fund,JM Medium to Long Term Fund (Direct) - Growth Option,JM Financial Mutual Fund,Debt,Medium to Long Term,Income/Debt Oriented Schemes - Medium to Long Term Fund,01-Jan-2013,INF192K01CW5,No,2021-09-27,2026-09-25,1211,71.9549,Active
119735,Kotak Medium to Long Term Fund,Kotak Medium to Long Term Fund - Growth - Direct,Kotak Mahindra Mutual Fund,Debt,Medium to Long Term,Income/Debt Oriented Schemes - Medium to Long Term Fund,25-Nov-1999,INF174K01JC0,No,2021-09-27,2026-09-25,1211,90.5255,Active
120279,LIC MF Medium to Long Term Fund,LIC MF Medium to Long Term Fund-Direct Plan-Growth,LIC Mutual Fund,Debt,Medium to Long Term,Income/Debt Oriented Schemes - Medium to Long Term Fund,26-Mar-1999,INF767K01EW0,No,2021-09-27,2026-09-25,1211,82.2118,Active
118687,Nippon India Medium to Long Term Fund,Nippon India Medium to Long Term Fund - Direct Plan Growth Plan - Growth Option,Nippon India Mutual Fund,Debt,Medium to Long Term,Income/Debt Oriented Schemes - Medium to Long Term Fund,20-Dec-1997,INF204K01XS2,No,2021-09-27,2026-09-25,1211,104.8689,Active
119714,SBI MEDIUM TO LONG TERM FUND,SBI Medium to Long Term Fund-DIRECT PLAN -Growth,SBI Mutual Fund,Debt,Medium to Long Term,Income/Debt Oriented Schemes - Medium to Long Term Fund,31-Dec-2010,INF200K01SR2,No,2021-09-27,2026-09-25,1220,80.1672,Active
120689,UTI Medium to Long Term Fund,UTI Medium to Long Term Fund-Growth - Direct,UTI Mutual Fund,Debt,Medium to Long Term,Income/Debt Oriented Schemes - Medium to Long Term Fund,04-May-1998,INF789F01SQ6,No,2021-09-27,2026-09-25,1211,83.1876,Active
119511,Aditya Birla Sun Life Money Market Fund,Aditya Birla Sun Life Money Market Fund - Growth - Direct Plan,Aditya Birla Sun Life Mutual Fund,Debt,Money Market,Income/Debt Oriented Schemes - Money Market Fund,01-Jun-2003,INF209K01UU3,No,2021-09-27,2026-09-25,1212,406.1842,Active
147567,Axis Money Market Fund,Axis Money Market Fund - Direct Plan - Growth Option,Axis Mutual Fund,Debt,Money Market,Income/Debt Oriented Schemes - Money Market Fund,26-Jul-2019,INF846K01Q62,No,2021-09-27,2026-09-25,1219,1565.6455,Active
151889,Bajaj Finserv Money Market Fund,Bajaj Finserv Money Market Fund-Direct Plan-Growth,Bajaj Finserv Mutual Fund,Debt,Money Market,Income/Debt Oriented Schemes - Money Market Fund,17-Jul-2023,INF0QA701334,No,2023-07-26,2026-09-25,766,1257.4394,Active
147377,Baroda BNP Paribas Money Market Fund,Baroda BNP Paribas Money Market Fund- Direct Plan - Growth,Baroda BNP Paribas Mutual Fund,Debt,Money Market,Income/Debt Oriented Schemes - Money Market Fund,13-Jun-2019,INF955L01ID0,No,2021-09-27,2026-09-25,1212,1515.409,Active
119106,DSP Money Market Fund,DSP Money Market Fund - Direct Plan - Growth,DSP Mutual Fund,Debt,Money Market,Income/Debt Oriented Schemes - Money Market Fund,20-Sep-1999,INF740K01NU2,No,2021-09-27,2026-09-25,1215,58.7485,Active
153982,Groww Money Market Fund,Groww Money Market Fund Direct Growth,Groww Mutual Fund,Debt,Money Market,Income/Debt Oriented Schemes - Money Market Fund,10-Nov-2025,INF666M01MW3,No,2025-11-20,2026-09-25,207,10.5034,Active
151054,HSBC Money Market Fund,HSBC Money Market Fund - Direct Growth,HSBC Mutual Fund,Debt,Money Market,Income/Debt Oriented Schemes - Money Market Fund,27-Oct-2010,INF917K01FE6,No,2022-11-28,2026-09-25,929,29.9685,Active
120507,Invesco India Money Market Fund,Invesco India Money Market Fund - Direct Plan - Growth,Invesco Mutual Fund,Debt,Money Market,Income/Debt Oriented Schemes - Money Market Fund,14-Aug-2009,INF205K01RY9,No,2021-09-27,2026-09-25,1211,3410.5136,Active
153649,JioBlackRock Money Market Fund,JioBlackRock Money Market Fund - Direct Plan - Growth Option,Jio BlackRock Mutual Fund,Debt,Money Market,Income/Debt Oriented Schemes - Money Market Fund,30-Jun-2025,INF22M001028,No,2025-07-07,2026-09-25,297,1078.2932,Active
119746,Kotak Money Market Fund,Kotak Money Market Fund - (Growth) - Direct,Kotak Mahindra Mutual Fund,Debt,Money Market,Income/Debt Oriented Schemes - Money Market Fund,01-Jan-2007,INF174K01MW2,No,2021-09-27,2026-09-25,1211,4911.2299,Active
149112,Mirae Asset Money Market Fund,Mirae Asset Money Market Fund - Direct Plan - Growth,Mirae Asset Mutual Fund,Debt,Money Market,Income/Debt Oriented Schemes - Money Market Fund,04-Aug-2021,INF769K01HN8,No,2021-09-27,2026-09-25,1211,1383.1724,Active
119821,SBI Money Market Fund,SBI Money Market Fund - Direct Plan - Growth,SBI Mutual Fund,Debt,Money Market,Income/Debt Oriented Schemes - Money Market Fund,05-Jul-2004,INF200K01SZ5,No,2021-09-27,2026-09-25,1220,48.107,Active
154144,Shriram Money Market Fund,Shriram Money Market Fund - Direct Plan Growth Option,Shriram Mutual Fund,Debt,Money Market,Income/Debt Oriented Schemes - Money Market Fund,19-Jan-2026,INF680P01471,No,2026-01-28,2026-09-25,161,1044.0048,Active
153703,360 ONE Overnight Fund,360 ONE Overnight Fund - Direct Plan - Growth,360 ONE Mutual Fund,Debt,Overnight,Income/Debt Oriented Schemes - Overnight Fund,01-Jul-2025,INF579M01BG4,No,2025-07-13,2026-09-25,365,1065.2778,Active
146675,Axis Overnight Fund,Axis Overnight Fund - Direct Plan - Growth Option,Axis Mutual Fund,Debt,Overnight,Income/Debt Oriented Schemes - Overnight Fund,07-Mar-2019,INF846K01N65,No,2021-09-26,2026-09-25,1541,1461.4734,Active
147196,Baroda BNP Paribas Overnight Fund,Baroda BNP Paribas Overnight Fund - Direct Plan - Growth,Baroda BNP Paribas Mutual Fund,Debt,Overnight,Income/Debt Oriented Schemes - Overnight Fund,23-Apr-2019,INF955L01HV4,No,2021-09-25,2026-09-25,1461,1450.1797,Active
147531,Canara Robeco Overnight Fund,CANARA ROBECO OVERNIGHT FUND - DIRECT PLAN - GROWTH OPTION,Canara Robeco Mutual Fund,Debt,Overnight,Income/Debt Oriented Schemes - Overnight Fund,19-Jul-2019,INF760K01JM5,No,2021-09-26,2026-09-25,1313,1424.9753,Active
154413,Choice Overnight Fund,Choice Overnight Fund - Growth Option - Direct Plan,Choice Mutual Fund,Debt,Overnight,Income/Debt Oriented Schemes - Overnight Fund,01-Jul-2026,INF2KCX01087,No,2026-07-06,2026-09-24,69,101.1309,Active
147450,Groww Overnight Fund,Groww Overnight Fund (formerly known as Indiabulls Overnight Fund)- Direct Plan- Growth Option,Groww Mutual Fund,Debt,Overnight,Income/Debt Oriented Schemes - Overnight Fund,20-Jun-2019,INF666M01GL8,No,2021-09-26,2026-09-25,1500,1421.6175,Active
152152,Helios Overnight Fund,Helios Overnight Fund - Direct Plan - Growth Option,Helios Mutual Fund,Debt,Overnight,Income/Debt Oriented Schemes - Overnight Fund,19-Oct-2023,INF0R8701079,No,2023-10-25,2026-09-24,757,1183.2282,Active
147287,HSBC Overnight Fund,HSBC Overnight Fund - Direct Growth,HSBC Mutual Fund,Debt,Overnight,Income/Debt Oriented Schemes - Overnight Fund,21-May-2019,INF336L01OF6,No,2021-09-26,2026-09-25,1511,1444.6261,Active
147883,Invesco India Overnight Fund,Invesco India Overnight Fund - Direct Plan - Growth,Invesco Mutual Fund,Debt,Overnight,Income/Debt Oriented Schemes - Overnight Fund,07-Jan-2020,INF205KA1163,No,2021-09-26,2026-09-25,1518,1394.8777,Active
153650,JioBlackRock Overnight Fund,JioBlackRock Overnight Fund - Direct Plan - Growth Option,Jio BlackRock Mutual Fund,Debt,Overnight,Income/Debt Oriented Schemes - Overnight Fund,30-Jun-2025,INF22M001036,No,2025-07-06,2026-09-25,383,1066.0254,Active
147837,JM Overnight Fund,JM Overnight Fund - (Direct) - Growth,JM Financial Mutual Fund,Debt,Overnight,Income/Debt Oriented Schemes - Overnight Fund,03-Dec-2019,INF192K01MB8,No,2021-09-26,2026-09-25,1556,1397.96,Active
147736,Mirae Asset Overnight Fund,Mirae Asset Overnight Fund - Direct Plan - Growth,Mirae Asset Mutual Fund,Debt,Overnight,Income/Debt Oriented Schemes - Overnight Fund,15-Oct-2019,INF769K01FG6,No,2021-09-26,2026-09-25,1540,1415.7863,Active
154706,Monarch Overnight Fund,Monarch Overnight Fund- Direct Plan- Growth,Monarch Mutual Fund,Debt,Overnight,Income/Debt Oriented Schemes - Overnight Fund,03-Sep-2026,INF2ZSC01028,No,2026-09-09,2026-09-24,11,1002.2613,Active
150369,NJ Overnight Fund,NJ Overnight Fund - Direct Plan - Growth Option,NJ Mutual Fund,Debt,Overnight,Income/Debt Oriented Schemes - Overnight Fund,29-Jul-2022,INF0J8L01081,No,2022-08-02,2026-09-24,1150,1277.1674,Active
154394,Shriram Overnight Fund,Shriram Overnight Fund- Direct Growth,Shriram Mutual Fund,Debt,Overnight,Income/Debt Oriented Schemes - Overnight Fund,17-Aug-2022,INF680P01497,No,2026-05-30,2026-09-25,111,1274.7962,Active
120510,Axis Short Term Fund,Axis Short Duration Fund - Direct Plan - Growth Option,Axis Mutual Fund,Debt,Short Term,Income/Debt Oriented Schemes - Short Term Fund,19-Jan-2010,INF846K01EI1,No,2021-09-27,2026-09-25,1219,36.2759,Active
118407,Bandhan Short Term Fund,Bandhan Short Term Fund - Direct Plan - Growth,Bandhan Mutual Fund,Debt,Short Term,Income/Debt Oriented Schemes - Short Term Fund,01-Apr-2001,INF194K01U07,No,2021-09-27,2026-09-25,1220,65.8601,Active
119382,BANK OF INDIA SHORT TERM FUND,BANK OF INDIA Short Term Fund-Direct Plan- Growth,Bank of India Mutual Fund,Debt,Short Term,Income/Debt Oriented Schemes - Short Term Fund,03-Dec-2008,INF761K01736,No,2021-09-27,2026-09-25,1211,31.0899,Active
119400,Baroda BNP Paribas Short Term Fund (the scheme has 2 segregated portfolios),Baroda BNP Paribas Short Term Fund - Direct Plan - Growth Option,Baroda BNP Paribas Mutual Fund,Debt,Short Term,Income/Debt Oriented Schemes - Short Term Fund,14-Jun-2010,INF955L01BD5,No,2021-09-27,2026-09-25,1212,33.9581,Active
118320,Canara Robeco Short Term Fund,CANARA ROBECO SHORT TERM FUND - DIRECT PLAN - GROWTH OPTION,Canara Robeco Mutual Fund,Debt,Short Term,Income/Debt Oriented Schemes - Short Term Fund,01-Apr-2011,INF760K01DX5,No,2021-09-27,2026-09-25,1211,29.5955,Active
154541,Franklin India Short Term Fund,Franklin India Short Term Fund - Direct - Growth,Franklin Templeton Mutual Fund,Debt,Short Term,Income/Debt Oriented Schemes - Short Term Fund,05-Aug-2026,INF090I01YW9,No,2026-08-12,2026-09-25,31,10.052,Active
123704,Groww Short Term Fund,Groww Short Term Fund (formerly known as Indiabulls Short Term Fund) - Direct Plan - Growth Option,Groww Mutual Fund,Debt,Short Term,Income/Debt Oriented Schemes - Short Term Fund,22-Aug-2013,INF666M01AC0,No,2021-09-27,2026-09-25,1211,2562.3674,Active
119016,HDFC Short Term Fund,HDFC Short Term Fund - Growth Option - Direct Plan,HDFC Mutual Fund,Debt,Short Term,Income/Debt Oriented Schemes - Short Term Fund,21-Jun-2010,INF179K01YM7,No,2021-09-27,2026-09-25,1212,35.3731,Active
151067,HSBC Short Term Fund,HSBC Short Term Fund - Direct Growth,HSBC Mutual Fund,Debt,Short Term,Income/Debt Oriented Schemes - Short Term Fund,07-Dec-2011,INF917K01IQ4,No,2022-11-28,2026-09-25,929,29.9516,Active
120560,Invesco India Short Term Fund,Invesco India Short Term Fund - Direct Plan - Growth,Invesco Mutual Fund,Debt,Short Term,Income/Debt Oriented Schemes - Short Term Fund,21-Mar-2007,INF205K01UH8,No,2021-09-27,2026-09-25,1211,4196.4147,Active
154079,JioBlackRock Short Term Fund,JioBlackRock Short Term Fund - Direct Plan - Growth Option,Jio BlackRock Mutual Fund,Debt,Short Term,Income/Debt Oriented Schemes - Short Term Fund,08-Jan-2026,INF22M001143,No,2026-01-22,2026-09-25,164,1039.3898,Active
150545,JM Short Term Fund,JM Short Term Fund (Direct) - Growth,JM Financial Mutual Fund,Debt,Short Term,Income/Debt Oriented Schemes - Short Term Fund,10-Aug-2022,INF192K01MP8,No,2022-09-01,2026-09-25,986,13.1336,Active
119739,Kotak Short Term Fund,Kotak Short Term Fund -(Growth) - Direct,Kotak Mahindra Mutual Fund,Debt,Short Term,Income/Debt Oriented Schemes - Short Term Fund,03-May-2002,INF174K01JI7,No,2021-09-27,2026-09-25,1211,61.3314,Active
145954,LIC MF Short Term Fund,LIC MF Short Term Fund-Direct Plan-Growth,LIC Mutual Fund,Debt,Short Term,Income/Debt Oriented Schemes - Short Term Fund,11-Jan-2019,INF767K01PW6,No,2021-09-27,2026-09-25,1211,16.6683,Active
148729,Mahindra Manulife Short Term Fund,Mahindra Manulife Short Duration Fund - Direct Plan -Growth,Mahindra Manulife Mutual Fund,Debt,Short Term,Income/Debt Oriented Schemes - Short Term Fund,09-Feb-2021,INF174V01AM5,No,2021-09-27,2026-09-25,1211,14.2841,Active
142641,Mirae Asset Short Term Fund,Mirae Asset Short Term Fund - Direct Plan - Growth,Mirae Asset Mutual Fund,Debt,Short Term,Income/Debt Oriented Schemes - Short Term Fund,23-Feb-2018,INF769K01DX6,No,2021-09-27,2026-09-25,1211,17.8098,Active
118796,Nippon India Short Term Fund,Nippon India Short Term Fund - Direct Plan Growth Plan - Growth Option,Nippon India Mutual Fund,Debt,Short Term,Income/Debt Oriented Schemes - Short Term Fund,09-Dec-2002,INF204K01B32,No,2021-09-27,2026-09-25,1211,61.5138,Active
119816,SBI SHORT TERM FUND,SBI SHORT TERM FUND - DIRECT PLAN -GROWTH,SBI Mutual Fund,Debt,Short Term,Income/Debt Oriented Schemes - Short Term Fund,19-Jul-2007,INF200K01VE4,No,2021-09-27,2026-09-25,1220,36.4293,Active
149587,Sundaram Short Term Fund (Formerly Known as Sundaram Short Duration Fund),Sundaram Short Duration Fund (Formerly Known as Principal Short Term Debt Fund)- Direct Plan - Growth Option,Sundaram Mutual Fund,Debt,Short Term,Income/Debt Oriented Schemes - Short Term Fund,24-Apr-2002,INF173K01GP0,No,2022-01-03,2026-09-25,1146,51.2841,Active
119949,Tata Short Term Fund,Tata Short Term Bond Fund - Direct Plan - Growth Option,Tata Mutual Fund,Debt,Short Term,Income/Debt Oriented Schemes - Short Term Fund,01-Jan-2013,INF277K01QR4,No,2021-09-27,2026-09-25,1212,56.4444,Active
149076,TRUSTMF Short Term Fund,TRUSTMF Short Term Fund-Direct Plan-Growth,Trust Mutual Fund,Debt,Short Term,Income/Debt Oriented Schemes - Short Term Fund,20-Jul-2021,INF0GCD01370,No,2021-09-27,2026-09-25,1212,1363.1935,Active
120718,UTI Short Term Fund,UTI Short Term Fund - Direct Plan - Growth Option,UTI Mutual Fund,Debt,Short Term,Income/Debt Oriented Schemes - Short Term Fund,25-Jun-2003,INF789F01XY0,No,2021-09-27,2026-09-25,1211,36.0421,Active
119501,Aditya Birla Sun Life Ultra Short Term Fund,Aditya Birla Sun Life Ultra Short Term Fund - Growth - Direct Plan,Aditya Birla Sun Life Mutual Fund,Debt,Ultra Short Term,Income/Debt Oriented Schemes - Ultra Short Term Fund,19-Nov-2001,INF209K01UR9,No,2021-09-27,2026-09-25,1212,604.8916,Active
144754,Axis Ultra Short Term Fund,Axis Ultra Short Duration Fund - Direct Plan Growth,Axis Mutual Fund,Debt,Ultra Short Term,Income/Debt Oriented Schemes - Ultra Short Term Fund,27-Aug-2018,INF846K01F40,No,2021-09-27,2026-09-25,1219,16.9495,Active
144173,BANDHAN ULTRA SHORT TERM FUND,BANDHAN ULTRA SHORT TERM FUND - DIRECT PLAN GROWTH,Bandhan Mutual Fund,Debt,Ultra Short Term,Income/Debt Oriented Schemes - Ultra Short Term Fund,06-Jul-2018,INF194KA16R3,No,2021-09-27,2026-09-25,1220,16.6559,Active
119379,BANK OF INDIA ULTRA SHORT TERM FUND,BANK OF INDIA Ultra Short Term Fund- Direct Plan- Growth,Bank of India Mutual Fund,Debt,Ultra Short Term,Income/Debt Oriented Schemes - Ultra Short Term Fund,09-Jul-2008,INF761K01892,No,2021-09-27,2026-09-25,1211,3534.562,Active
143508,Baroda BNP Paribas Ultra Short Term Fund,Baroda BNP Paribas Ultra Short Term Fund- Direct Plan- Growth,Baroda BNP Paribas Mutual Fund,Debt,Ultra Short Term,Income/Debt Oriented Schemes - Ultra Short Term Fund,24-May-2018,INF955L01HA8,No,2021-09-27,2026-09-25,1212,1691.1862,Active
118317,Canara Robeco Ultra Short Term Fund,CANARA ROBECO ULTRA SHORT TERM FUND - DIRECT PLAN - GROWTH OPTION,Canara Robeco Mutual Fund,Debt,Ultra Short Term,Income/Debt Oriented Schemes - Ultra Short Term Fund,29-Aug-2003,INF760K01GM1,No,2021-09-27,2026-09-25,1211,4368.8733,Active
119205,DSP Ultra Short Term Fund,DSP Ultra Short Term Fund - Direct Plan - Growth,DSP Mutual Fund,Debt,Ultra Short Term,Income/Debt Oriented Schemes - Ultra Short Term Fund,24-Jul-2006,INF740K01ON5,No,2021-09-27,2026-09-25,1215,4011.4141,Active
154621,Edelweiss Ultra Short Term Fund,Edelweiss Ultra Short Term Fund Direct Growth Plan,Edelweiss Mutual Fund,Debt,Ultra Short Term,Income/Debt Oriented Schemes - Ultra Short Term Fund,17-Aug-2026,INF754K01XR8,No,2026-08-27,2026-09-25,21,1005.6722,Active
152825,Franklin India Ultra Short Term Fund,Franklin India Ultra Short Duration Fund - Direct - Growth,Franklin Templeton Mutual Fund,Debt,Ultra Short Term,Income/Debt Oriented Schemes - Ultra Short Term Fund,19-Aug-2024,INF090I01XL4,No,2024-08-29,2026-09-25,504,11.5461,Active
147908,HSBC Ultra Short Term Fund,HSBC Ultra Short Term Fund - Direct Growth,HSBC Mutual Fund,Debt,Ultra Short Term,Income/Debt Oriented Schemes - Ultra Short Term Fund,14-Jan-2020,INF336L01OR1,No,2021-09-27,2026-09-25,1212,1484.7899,Active
120541,Invesco India Ultra Short Term Fund,Invesco India Ultra Short Term Fund - Direct Plan - Growth,Invesco Mutual Fund,Debt,Ultra Short Term,Income/Debt Oriented Schemes - Ultra Short Term Fund,13-Dec-2010,INF205K01TH0,No,2021-09-27,2026-09-25,1211,3120.1856,Active
148913,ITI Ultra Short Term Fund,ITI Ultra Short Term Fund - Direct Plan - Growth Option,ITI Mutual Fund,Debt,Ultra Short Term,Income/Debt Oriented Schemes - Ultra Short Term Fund,19-Apr-2021,INF00XX01AE2,No,2021-09-27,2026-09-25,1210,1382.6073,Active
119750,Kotak Ultra Short Term Fund,Kotak Ultra Short Term Fund -Growth - Direct,Kotak Mahindra Mutual Fund,Debt,Ultra Short Term,Income/Debt Oriented Schemes - Ultra Short Term Fund,07-Oct-2008,INF174K01JP2,No,2021-09-27,2026-09-25,1211,48.5783,Active
147772,LIC MF Ultra Short Term Fund,LIC MF Ultra Short Term Fund-Direct Plan-Growth,LIC Mutual Fund,Debt,Ultra Short Term,Income/Debt Oriented Schemes - Ultra Short Term Fund,21-Nov-2019,INF767K01QU8,No,2021-09-27,2026-09-25,1211,1463.4129,Active
147731,Mahindra Manulife Ultra Short Term Fund,Mahindra Manulife Ultra Short Duration Fund - Direct Plan -Growth,Mahindra Manulife Mutual Fund,Debt,Ultra Short Term,Income/Debt Oriented Schemes - Ultra Short Term Fund,10-Oct-2019,INF174V01887,No,2021-09-27,2026-09-25,1211,1525.7592,Active
148529,Mirae Asset Ultra Short-Term Fund,Mirae Asset Ultra Short-Term Fund - Direct Plan - Growth,Mirae Asset Mutual Fund,Debt,Ultra Short Term,Income/Debt Oriented Schemes - Ultra Short Term Fund,28-Sep-2020,INF769K01GK6,No,2021-09-27,2026-09-25,1211,1432.7653,Active
143494,Nippon India Ultra Short Term Fund,Nippon India Ultra Short Term Fund- Direct Plan- Growth Option,Nippon India Mutual Fund,Debt,Ultra Short Term,Income/Debt Oriented Schemes - Ultra Short Term Fund,01-Dec-2001,INF204K01YH3,No,2021-09-27,2026-09-25,1211,4828.1115,Active
138358,PGIM India Ultra Short Term Fund,PGIM India Ultra Short Term Fund - Direct Plan - Growth,PGIM India Mutual Fund,Debt,Ultra Short Term,Income/Debt Oriented Schemes - Ultra Short Term Fund,01-Sep-2006,INF223J01QO7,No,2021-09-27,2026-09-25,1211,38.4356,Active
119828,SBI ULTRA SHORT TERM FUND,SBI ULTRA SHORT TERM FUND - DIRECT PLAN - GROWTH,SBI Mutual Fund,Debt,Ultra Short Term,Income/Debt Oriented Schemes - Ultra Short Term Fund,06-Mar-2007,INF200K01TF5,No,2021-09-27,2026-09-25,1220,6571.0762,Active
149539,Sundaram Ultra Short Term Fund (Formerly Known as Sundaram Ultra Short Duration Fund),Sundaram Ultra Short Term Fund Direct Plan - Growth,Sundaram Mutual Fund,Debt,Ultra Short Term,Income/Debt Oriented Schemes - Ultra Short Term Fund,20-Dec-2007,INF173K01HI3,No,2022-01-03,2026-09-25,1146,3169.1416,Active
153242,Union Short Term Fund,Union Short Term Fund - Direct Plan - Growth Option,Union Mutual Fund,Debt,Ultra Short Term,Income/Debt Oriented Schemes - Ultra Short Term Fund,15-Jan-2025,INF582M01KO3,No,2025-02-03,2026-09-25,398,11.0665,Active
120746,UTI Ultra Short Term Fund,UTI Ultra Short Term Fund - Direct Plan - Growth Option,UTI Mutual Fund,Debt,Ultra Short Term,Income/Debt Oriented Schemes - Ultra Short Term Fund,29-Aug-2003,INF789F01TI1,No,2021-09-27,2026-09-25,1211,4924.6679,Active
147311,WhiteOak Capital Ultra Short Term Fund,WhiteOak Capital Ultra Short Term Fund- Direct plan-Growth Option,WhiteOak Capital Mutual Fund,Debt,Ultra Short Term,Income/Debt Oriented Schemes - Ultra Short Term Fund,24-May-2019,INF03VN01209,No,2021-09-27,2026-09-25,1211,1521.8288,Active
119523,Aditya Birla Sun Life Ultra short to short term Fund,Aditya Birla Sun Life Ultra Short to Short Term Fund - Growth - Direct Plan,Aditya Birla Sun Life Mutual Fund,Debt,Ultra Short to Short Term,Income/Debt Oriented Schemes - Ultra Short to Short Term Fund,07-Jul-1998,INF209K01XU7,No,2021-09-27,2026-09-25,1212,784.5859,Active
120513,Axis Ultra Short to Short Term Fund,Axis Treasury Advantage Fund - Direct Plan - Growth Option,Axis Mutual Fund,Debt,Ultra Short to Short Term,Income/Debt Oriented Schemes - Ultra Short to Short Term Fund,08-Oct-2009,INF846K01EN1,No,2021-09-27,2026-09-25,1219,3506.9464,Active
154204,Bajaj Finserv Ultra Short to Short Term Fund,Bajaj Finserv Ultra Short to Short Term Fund - Direct - Growth,Bajaj Finserv Mutual Fund,Debt,Ultra Short to Short Term,Income/Debt Oriented Schemes - Ultra Short to Short Term Fund,09-Feb-2026,INF0QA701CF6,No,2026-02-23,2026-09-25,144,1037.7976,Active
118371,BANDHAN ULTRA SHORT TO SHORT TERM FUND,BANDHAN Ultra Short to Short Term Fund-Direct Plan-Growth,Bandhan Mutual Fund,Debt,Ultra Short to Short Term,Income/Debt Oriented Schemes - Ultra Short to Short Term Fund,12-Jan-2006,INF194K01J77,No,2021-09-27,2026-09-25,1220,42.5911,Active
150169,BARODA BNP PARIBAS ULTRA SHORT TO SHORT TERM FUND,BARODA BNP PARIBAS Ultra Short to Short Term Fund - Direct Plan - Growth Option,Baroda BNP Paribas Mutual Fund,Debt,Ultra Short to Short Term,Income/Debt Oriented Schemes - Ultra Short to Short Term Fund,17-Oct-2005,INF251K01GJ7,No,2022-03-14,2026-09-25,1099,47.4443,Active
118291,Canara Robeco Ultra Short to Short Term Fund,CANARA ROBECO ULTRA SHORT TO SHORT TERM FUND - DIRECT PLAN - GROWTH OPTION,Canara Robeco Mutual Fund,Debt,Ultra Short to Short Term,Income/Debt Oriented Schemes - Ultra Short to Short Term Fund,08-Feb-2005,INF760K01ET1,No,2021-09-27,2026-09-25,1211,46.7574,Active
133925,DSP Ultra Short to Short Term Fund,DSP Ultra Short to Short Term Fund - Direct Plan - Growth,DSP Mutual Fund,Debt,Ultra Short to Short Term,Income/Debt Oriented Schemes - Ultra Short to Short Term Fund,27-Feb-2015,INF740K013Q1,No,2021-09-27,2026-09-25,1215,22.0475,Active
153416,Edelweiss Ultra Short to Short Term Fund,Edelweiss Ultra Short to Short Term Fund - Direct Plan Growth,Edelweiss Mutual Fund,Debt,Ultra Short to Short Term,Income/Debt Oriented Schemes - Ultra Short to Short Term Fund,11-Mar-2025,INF754K01UP8,No,2025-03-21,2026-09-25,367,1107.0188,Active
153368,Franklin India Ultra Short to Short Term Fund,Franklin India Low Duration Fund-Direct-Growth,Franklin Templeton Mutual Fund,Debt,Ultra Short to Short Term,Income/Debt Oriented Schemes - Ultra Short to Short Term Fund,25-Feb-2025,INF090I01YE7,No,2025-03-06,2026-09-25,377,11.1598,Active
118942,HDFC Ultra Short to Short Term Fund,HDFC Ultra Short to Short Term Fund - Direct Plan - Growth,HDFC Mutual Fund,Debt,Ultra Short to Short Term,Income/Debt Oriented Schemes - Ultra Short to Short Term Fund,24-Apr-2007,INF179K01VF7,No,2021-09-27,2026-09-25,1212,67.6117,Active
151117,HSBC Ultra Short to Short Term Fund,HSBC Ultra Short to Short Term Fund - Direct Growth,HSBC Mutual Fund,Debt,Ultra Short to Short Term,Income/Debt Oriented Schemes - Ultra Short to Short Term Fund,19-Nov-2010,INF917K01GM7,No,2022-11-28,2026-09-25,929,32.7075,Active
120398,ICICI Prudential Ultra Short to Short Term Fund,ICICI Prudential Ultra Short to Short Term Fund - Direct Plan - Growth,ICICI Prudential Mutual Fund,Debt,Ultra Short to Short Term,Income/Debt Oriented Schemes - Ultra Short to Short Term Fund,01-Aug-2002,INF109K01O82,No,2021-09-27,2026-09-25,1211,596.0561,Active
120570,Invesco India Ultra Short to Short Term Fund,Invesco India Ultra Short to Short Term Fund - Direct Plan - Growth,Invesco Mutual Fund,Debt,Ultra Short to Short Term,Income/Debt Oriented Schemes - Ultra Short to Short Term Fund,15-Jan-2007,INF205K01NY8,No,2021-09-27,2026-09-25,1211,4246.0749,Active
154081,JioBlackRock Ultra Short to Short Term Fund,JioBlackRock Ultra Short to Short Term Fund- Direct Plan - Growth Option,Jio BlackRock Mutual Fund,Debt,Ultra Short to Short Term,Income/Debt Oriented Schemes - Ultra Short to Short Term Fund,08-Jan-2026,INF22M001150,No,2026-01-22,2026-09-25,164,1042.5605,Active
143612,JM Ultra Short to Short Term Fund,JM Ultra Short to Short Term Fund (Direct) - Growth,JM Financial Mutual Fund,Debt,Ultra Short to Short Term,Income/Debt Oriented Schemes - Ultra Short to Short Term Fund,25-Sep-2006,INF192K01DW3,No,2021-09-27,2026-09-25,1211,41.0941,Active
133810,Kotak Ultra Short to Short Term Fund,Kotak Ultra Short to Short Term Fund- Direct Plan- Growth Option,Kotak Mahindra Mutual Fund,Debt,Ultra Short to Short Term,Income/Debt Oriented Schemes - Ultra Short to Short Term Fund,29-Feb-2008,INF178L01AX4,No,2021-09-27,2026-09-25,1211,3939.5142,Active
120315,LIC MF Ultra Short to Short Term fund,LIC MF Ultra Short to Short Term Fund-Direct Plan-Growth,LIC Mutual Fund,Debt,Ultra Short to Short Term,Income/Debt Oriented Schemes - Ultra Short to Short Term Fund,29-May-2003,INF767K01FM8,No,2021-09-27,2026-09-25,1211,46.3661,Active
140613,Mahindra Manulife Ultra Short to Short Term Fund,Mahindra Manulife Low Duration Fund - Direct Plan -Growth,Mahindra Manulife Mutual Fund,Debt,Ultra Short to Short Term,Income/Debt Oriented Schemes - Ultra Short to Short Term Fund,14-Feb-2017,INF174V01267,No,2021-09-27,2026-09-25,1211,1896.4584,Active
118840,Mirae Asset Ultra Short to Short Term Fund,Mirae Asset Ultra Short to Short Term Fund - Direct Plan - Growth,Mirae Asset Mutual Fund,Debt,Ultra Short to Short Term,Income/Debt Oriented Schemes - Ultra Short to Short Term Fund,29-Feb-2008,INF769K01BO9,No,2021-09-27,2026-09-25,1211,2658.1825,Active
118709,Nippon India Ultra Short to Short Term Fund,Nippon India Ultra Short to Short Term Fund - Direct Plan Growth Plan - Growth Option,Nippon India Mutual Fund,Debt,Ultra Short to Short Term,Income/Debt Oriented Schemes - Ultra Short to Short Term Fund,15-Mar-2007,INF204K01ZU3,No,2021-09-27,2026-09-25,1211,4294.2929,Active
119812,SBI Ultra Short to Short Term Fund,SBI Ultra Short to Short Term Fund - Direct Plan - Growth,SBI Mutual Fund,Debt,Ultra Short to Short Term,Income/Debt Oriented Schemes - Ultra Short to Short Term Fund,19-Jul-2007,INF200K01VM7,No,2021-09-27,2026-09-25,1220,3913.595,Active
149526,Sundaram Ultra Short to Short Term Fund (Formerly Known as Sundaram Low Duration Fund),Sundaram Ultra Short to Short Term Fund Direct Plan - Growth,Sundaram Mutual Fund,Debt,Ultra Short to Short Term,Income/Debt Oriented Schemes - Ultra Short to Short Term Fund,19-Aug-2004,INF173K01FS6,No,2022-01-03,2026-09-25,1146,3998.2447,Active
119863,Tata Ultra Short to Short Term Fund,Tata Treasury Advantage Fund - Direct Plan - Growth Option,Tata Mutual Fund,Debt,Ultra Short to Short Term,Income/Debt Oriented Schemes - Ultra Short to Short Term Fund,01-Jan-2013,INF277K01OK4,No,2021-09-27,2026-09-25,1212,4367.5529,Active
153654,Union Ultra Short to Short Term Fund,Union Ultra Short to Short Term Fund - Direct Plan - Growth Option,Union Mutual Fund,Debt,Ultra Short to Short Term,Income/Debt Oriented Schemes - Ultra Short to Short Term Fund,26-Jun-2025,INF582M01LQ6,No,2025-07-18,2026-09-25,288,10.6974,Active
120735,UTI Ultra Short to Short Term Fund,UTI Ultra Short to Short Term Fund - Direct Plan - Growth Option,UTI Mutual Fund,Debt,Ultra Short to Short Term,Income/Debt Oriented Schemes - Ultra Short to Short Term Fund,05-May-1999,INF789F01XI3,No,2021-09-27,2026-09-25,1211,3889.711,Active
154600,Bandhan Contra Fund,Bandhan Contra Fund-Direct Plan-Growth,Bandhan Mutual Fund,Equity,Contra,Equity Schemes - Contra Fund,10-Aug-2026,INF194KB1KX8,No,2026-09-02,2026-09-25,17,9.759,Active
120348,Invesco India Contra Fund,Invesco India Contra Fund - Direct Plan - Growth,Invesco Mutual Fund,Equity,Contra,Equity Schemes - Contra Fund,15-Feb-2007,INF205K01LE4,Yes,2021-09-27,2026-09-25,1232,156.39,Active
119769,Kotak Contra Fund,Kotak Contra Fund - Direct Plan - Growth,Kotak Mahindra Mutual Fund,Equity,Contra,Equity Scheme - Contra Fund,02-Jun-2005,INF174K01KZ9,No,2021-09-27,2026-09-25,1232,178.984,Active
154337,Motilal Oswal Contra Fund,Motilal Oswal Contra Fund - Direct   Growth,Motilal Oswal Mutual Fund,Equity,Contra,Equity Scheme - Contra Fund,08-May-2026,INF247L01GW6,No,2026-06-04,2026-09-25,80,10.5764,Active
119835,SBI CONTRA FUND,SBI CONTRA FUND - DIRECT PLAN - GROWTH,SBI Mutual Fund,Equity,Contra,Equity Scheme - Contra Fund,06-May-2005,INF200K01RA0,Yes,2021-09-27,2026-09-24,1238,406.0409,Active
119507,Aditya Birla Sun Life Dividend Yield Fund,Aditya Birla Sun Life Dividend Yield Fund - Growth - Direct Plan,Aditya Birla Sun Life Mutual Fund,Equity,Dividend Yield,Equity Scheme - Dividend Yield Fund,23-Jan-2003,INF209K01WA1,No,2021-09-27,2026-09-24,1230,492.68,Active
152810,Baroda BNP Paribas Dividend Yield Fund,Baroda BNP Paribas Dividend Yield Fund - Direct Plan - Growth Option,Baroda BNP Paribas Mutual Fund,Equity,Dividend Yield,Equity Scheme - Dividend Yield Fund,22-Aug-2024,INF251K01TV5,No,2024-09-16,2026-09-25,501,9.8377,Active
118527,Franklin India Dividend Yield Fund,Franklin India Dividend Yield Fund - Direct - Growth,Franklin Templeton Mutual Fund,Equity,Dividend Yield,Equity Scheme - Dividend Yield Fund,22-Mar-2006,INF090I01IT8,No,2021-09-27,2026-09-24,1230,147.4036,Active
148609,HDFC DIVIDEND YIELD FUND,HDFC Dividend Yield Fund - Growth Option Direct Plan,HDFC Mutual Fund,Equity,Dividend Yield,Equity Scheme - Dividend Yield Fund,27-Nov-2020,INF179KC1AO6,No,2021-09-27,2026-09-25,1232,26.333,Active
129312,ICICI Prudential Dividend Yield Fund,ICICI Prudential Dividend Yield Fund Direct Plan Growth Option,ICICI Prudential Mutual Fund,Equity,Dividend Yield,Equity Schemes - Dividend Yield Fund,25-Apr-2014,INF109KA1UA0,No,2021-09-27,2026-09-25,1232,57.51,Active
154097,Kotak Dividend Yield Fund,Kotak Dividend Yield Fund - Direct - Growth,Kotak Mahindra Mutual Fund,Equity,Dividend Yield,Equity Scheme - Dividend Yield Fund,05-Jan-2026,INF174KA1YI5,No,2026-02-03,2026-09-25,161,9.441,Active
152022,LIC MF Dividend Yield Fund,LIC MF Dividend Yield Fund-Direct Plan-Growth,LIC Mutual Fund,Equity,Dividend Yield,Equity Scheme - Dividend Yield Fund,03-Dec-2018,INF397L01LC1,No,2023-07-31,2026-09-25,777,35.5847,Active
151478,SBI Dividend Yield Fund,SBI Dividend Yield Fund - Direct Plan - Growth,SBI Mutual Fund,Equity,Dividend Yield,Equity Scheme - Dividend Yield Fund,20-Feb-2023,INF200KA14W3,No,2023-03-17,2026-09-25,876,15.9445,Active
149700,Sundaram Dividend Yield Fund (Formerly Known as Principal Dividend Yield Fund),Sundaram Dividend Yield Fund (Formerly Known as Principal Dividend Yield Fund) - Direct Plan - Growth Option,Sundaram Mutual Fund,Equity,Dividend Yield,Equity Scheme - Dividend Yield Fund,06-Sep-2004,INF173K01EV3,No,2022-01-03,2026-09-25,1166,141.6632,Active
148947,Tata Dividend Yield Fund,Tata Dividend Yield Fund-Direct Plan-Growth,Tata Mutual Fund,Equity,Dividend Yield,Equity Scheme - Dividend Yield Fund,03-May-2021,INF277K015Z8,No,2021-09-27,2026-09-25,1232,21.2948,Active
120749,UTI - Dividend Yield Fund,UTI-Dividend Yield Fund.-Growth-Direct,UTI Mutual Fund,Equity,Dividend Yield,Equity Schemes - Dividend Yield Fund,11-Apr-2005,INF789F01SW4,No,2021-09-27,2026-09-25,1232,186.3133,Active
154556,WhiteOak Capital Dividend Yield Fund,WhiteOak Capital Dividend Yield Fund Direct Plan Growth,WhiteOak Capital Mutual Fund,Equity,Dividend Yield,Equity Schemes - Dividend Yield Fund,10-Aug-2026,INF03VN01AH4,No,2026-08-31,2026-09-25,19,10.121,Active
119544,Aditya Birla Sun Life ELSS Tax Saver Fund,Aditya Birla Sun Life ELSS Tax Saver Fund - Growth - Direct Plan,Aditya Birla Sun Life Mutual Fund,Equity,ELSS,Equity Scheme - ELSS,01-Jan-1994,INF209K01UN8,No,2021-09-27,2026-09-25,1232,67.34,Active
120503,Axis ELSS- Tax Saver Fund,Axis ELSS Tax Saver Fund - Direct Plan - Growth Option,Axis Mutual Fund,Equity,ELSS,Equity Schemes - ELSS- Tax Saver Fund,17-Dec-2009,INF846K01EW2,No,2021-09-27,2026-09-25,1240,108.1525,Active
153201,Bajaj Finserv ELSS - Tax Saver Fund,BAJAJ FINSERV ELSS - TAX SAVER FUND - DIRECT - GROWTH,Bajaj Finserv Mutual Fund,Equity,ELSS,Equity Schemes - ELSS- Tax Saver Fund,24-Dec-2024,INF0QA701AK0,No,2025-02-03,2026-09-25,406,11.673,Active
118473,BANDHAN ELSS - Tax Saver Fund,BANDHAN ELSS - Tax Saver Fund - Direct Plan - Growth,Bandhan Mutual Fund,Equity,ELSS,Equity Schemes - ELSS- Tax Saver Fund,01-Dec-2008,INF194K01Y29,Yes,2021-09-27,2026-09-25,1241,175.241,Active
119351,BANK OF INDIA ELSS TAX SAVER FUND,BANK OF INDIA ELSS Tax Saver FUND -Direct Plan- Growth,Bank of India Mutual Fund,Equity,ELSS,Equity Schemes - ELSS- Tax Saver Fund,12-Dec-2008,INF761K01884,Yes,2021-09-27,2026-09-25,1232,192.93,Active
150159,Baroda BNP Paribas ELSS Tax Saver Fund,BARODA BNP PARIBAS ELSS Tax Saver Fund - Direct Plan - Growth Option,Baroda BNP Paribas Mutual Fund,Equity,ELSS,Equity Scheme - ELSS,07-Nov-2005,INF251K01HF3,No,2022-03-14,2026-09-25,1118,111.1615,Active
118285,Canara Robeco ELSS - Tax Saver Fund,CANARA ROBECO ELSS - TAX SAVER FUND - DIRECT PLAN - GROWTH OPTION,Canara Robeco Mutual Fund,Equity,ELSS,Equity Schemes - ELSS- Tax Saver Fund,25-Feb-1993,INF760K01EL8,Yes,2021-09-27,2026-09-25,1232,196.58,Active
119242,DSP ELSS Tax Saver Fund,DSP ELSS Tax Saver Fund - Direct Plan - Growth,DSP Mutual Fund,Equity,ELSS,Equity Schemes - ELSS- Tax Saver Fund,27-Nov-2006,INF740K01OK1,Yes,2021-09-27,2026-09-25,1232,150.28,Active
118620,Edelweiss ELSS Tax Saver Fund,Edelweiss ELSS Tax Saver Fund - Direct Plan-Growth Option,Edelweiss Mutual Fund,Equity,ELSS,Equity Schemes - ELSS- Tax Saver Fund,26-Dec-2008,INF754K01CA8,No,2021-09-27,2026-09-25,1233,134.9,Active
118540,Franklin India ELSS Tax Saver Fund,Franklin India ELSS Tax Saver Fund - Direct - Growth,Franklin Templeton Mutual Fund,Equity,ELSS,Equity Scheme - ELSS,10-Apr-1994,INF090I01JS8,Yes,2021-09-27,2026-09-25,1232,1554.8406,Active
141808,Groww ELSS Tax Saver Fund,Groww ELSS Tax Saver Fund (formerly known as Indiabulls Tax Savings Fund)- Direct Plan- Growth Option,Groww Mutual Fund,Equity,ELSS,Equity Schemes - ELSS- Tax Saver Fund,21-Sep-2017,INF666M01DK7,No,2021-09-27,2026-09-25,1232,21.27,Active
119060,HDFC ELSS - Tax Saver Fund,HDFC ELSS - Tax Saver Fund - Growth Option - Direct Plan,HDFC Mutual Fund,Equity,ELSS,Equity Schemes - ELSS- Tax Saver Fund,31-Mar-1996,INF179K01YS4,Yes,2021-09-27,2026-09-25,1232,1447.383,Active
118929,HDFC Long Term Advantage Plan,HDFC Long Term Advantage Plan - Growth Option - Direct Plan,HDFC Mutual Fund,Equity,ELSS,Equity Scheme - ELSS,26-Dec-2000,INF179K01WX8,No,2021-09-27,2022-01-14,76,625.385,Inactive
151078,HSBC ELSS Tax saver Fund,HSBC ELSS Tax saver Fund - Direct Growth,HSBC Mutual Fund,Equity,ELSS,Equity Schemes - ELSS- Tax Saver Fund,05-Jan-2006,INF917K01GP0,No,2022-11-28,2026-09-25,944,154.3204,Active
120592,ICICI Prudential ELSS - Tax Saver Fund,ICICI Prudential ELSS - Tax Saver Fund - Direct Plan - Growth,ICICI Prudential Mutual Fund,Equity,ELSS,Equity Schemes - ELSS- Tax Saver Fund,11-Dec-2012,INF109K01Y31,No,2021-09-27,2026-09-25,1232,1021.68,Active
120416,Invesco India ELSS Tax Saver Fund,Invesco India ELSS Tax Saver Fund - Direct Plan - Growth,Invesco Mutual Fund,Equity,ELSS,Equity Schemes - ELSS- Tax Saver Fund,20-Nov-2006,INF205K01NT8,Yes,2021-09-27,2026-09-25,1232,149.71,Active
147541,ITI ELSS Tax Saver Fund,ITI ELSS Tax Saver Fund - Direct Plan - Growth Option,ITI Mutual Fund,Equity,ELSS,Equity Scheme - ELSS,15-Jul-2019,INF00XX01390,Yes,2021-09-27,2026-09-25,1231,28.765,Active
120494,JM ELSS - Tax Saver Fund,JM ELSS - Tax Saver Fund (Direct) - Growth Option,JM Financial Mutual Fund,Equity,ELSS,Equity Schemes - ELSS- Tax Saver Fund,24-Dec-2007,INF192K01CE3,Yes,2021-09-27,2026-09-25,1232,60.5197,Active
119773,Kotak ELSS Tax Saver Fund,Kotak ELSS Tax Saver Fund-Growth - Direct,Kotak Mahindra Mutual Fund,Equity,ELSS,Equity Scheme - ELSS,29-Sep-2005,INF174K01LI3,No,2021-09-27,2026-09-25,1232,136.804,Active
120270,LIC MF ELSS Tax Saver Fund,LIC MF ELSS Tax Saver Fund-Direct Plan-Growth,LIC Mutual Fund,Equity,ELSS,Equity Schemes - ELSS- Tax Saver Fund,11-Jan-1997,INF767K01EM1,No,2021-09-27,2026-09-25,1232,169.2216,Active
139781,Mahindra Manulife ELSS Tax Saver Fund,Mahindra Manulife ELSS Tax Saver Fund - Direct Plan -Growth,Mahindra Manulife Mutual Fund,Equity,ELSS,Equity Schemes - ELSS- Tax Saver Fund,22-Aug-2016,INF174V01093,No,2021-09-27,2026-09-25,1232,31.6479,Active
135781,Mirae Asset ELSS Tax Saver Fund,Mirae Asset ELSS Tax Saver Fund - Direct Plan - Growth,Mirae Asset Mutual Fund,Equity,ELSS,Equity Schemes - ELSS- Tax Saver Fund,20-Nov-2015,INF769K01DM9,No,2021-09-27,2026-09-25,1232,55.688,Active
133386,Motilal Oswal ELSS Tax Saver Fund,Motilal Oswal ELSS Tax Saver Fund - Direct Plan - Growth Option,Motilal Oswal Mutual Fund,Equity,ELSS,Equity Scheme - ELSS,26-Dec-2014,INF247L01569,Yes,2021-09-27,2026-09-25,1232,65.4602,Active
135654,Navi ELSS Tax Saver Fund,Navi ELSS Tax Saver Fund- Direct Plan- Growth Option,Navi Mutual Fund,Equity,ELSS,Equity Scheme - ELSS,09-Nov-2015,INF959L01CD5,No,2021-09-27,2026-04-10,1118,32.8119,Inactive
151471,NAVI ELSS TAX SAVER NIFTY50 INDEX FUND,NAVI ELSS TAX SAVER NIFTY 50 INDEX FUND - DIRECT PLAN GROWTH,Navi Mutual Fund,Equity,ELSS,Equity Scheme - ELSS,14-Feb-2023,INF959L01GR6,No,2023-03-21,2026-09-25,866,14.0835,Active
118803,Nippon India ELSS Tax Saver Fund,Nippon India ELSS Tax Saver Fund - Direct Plan Growth Plan - Growth Option,Nippon India Mutual Fund,Equity,ELSS,Equity Schemes - ELSS- Tax Saver Fund,25-Jul-2005,INF204K01L55,No,2021-09-27,2026-09-25,1232,141.7465,Active
151611,NJ ELSS Tax Saver Fund,NJ ELSS Tax Saver Fund Direct Growth,NJ Mutual Fund,Equity,ELSS,Equity Schemes - ELSS- Tax Saver Fund,13-Mar-2023,INF0J8L01115,No,2023-06-19,2026-09-25,806,14.66,Active
147481,Parag Parikh ELSS Tax Saver Fund,Parag Parikh ELSS Tax Saver Fund- Direct Growth,PPFAS Mutual Fund,Equity,ELSS,Equity Scheme - ELSS,04-Jul-2019,INF879O01100,No,2021-09-27,2026-09-25,1232,31.168,Active
135601,PGIM India ELSS Tax Saver Fund,PGIM India ELSS Tax Saver Fund - Direct Plan - Growth Option,PGIM India Mutual Fund,Equity,ELSS,Equity Scheme - ELSS,19-Oct-2015,INF663L01FN5,No,2021-09-27,2026-09-25,1232,39.76,Active
120847,Quant ELSS Tax Saver Fund,quant ELSS Tax Saver Fund - Growth Option - Direct Plan,quant Mutual Fund,Equity,ELSS,Equity Scheme - ELSS,08-Mar-2000,INF966L01986,Yes,2021-09-27,2026-09-25,1232,458.863,Active
111549,Quantum ELSS Tax Saver Fund,Quantum ELSS Tax Saver Fund - Direct Plan Growth Option,Quantum Mutual Fund,Equity,ELSS,Equity Scheme - ELSS,10-Dec-2008,INF082J01069,No,2021-09-27,2026-09-25,1232,120.3,Active
150838,Samco ELSS Tax Saver Fund,Samco ELSS Tax Saver Fund - Direct Plan - Growth Option,Samco Mutual Fund,Equity,ELSS,Equity Scheme - ELSS,15-Nov-2022,INF0K1H01065,No,2022-12-29,2026-09-25,921,13.96,Active
119723,SBI ELSS Tax Saver Fund,SBI ELSS Tax Saver FUND - DIRECT PLAN -GROWTH,SBI Mutual Fund,Equity,ELSS,Equity Scheme - ELSS,24-Feb-1993,INF200K01UM9,Yes,2021-09-27,2026-09-25,1241,452.2767,Active
145819,Shriram ELSS Tax Saver Fund,Shriram ELSS Tax Saver Fund - Direct Growth,Shriram Mutual Fund,Equity,ELSS,Equity Scheme - ELSS,17-Dec-2018,INF680P01158,No,2021-09-27,2026-09-25,1232,23.0539,Active
149570,Sundaram ELSS Tax Saver Fund,Sundaram ELSS Tax Saver Fund Direct Plan Growth,Sundaram Mutual Fund,Equity,ELSS,Equity Scheme - ELSS,01-Jan-1996,INF173K01HZ7,No,2022-01-03,2026-09-25,1166,517.448,Active
132756,Tata ELSS - Tax Saver Fund,Tata ELSS Fund-Growth-Direct Plan,Tata Mutual Fund,Equity,ELSS,Equity Schemes - ELSS- Tax Saver Fund,31-Mar-1996,INF277K01I86,No,2021-09-27,2026-09-25,1232,53.2355,Active
119307,Union ELSS Tax Saver Fund (Formerly Union Tax Saver (ELSS) Fund,Union ELSS Tax Saver Fund - Direct Plan - Growth Option,Union Mutual Fund,Equity,ELSS,Equity Scheme - ELSS,08-Nov-2011,INF582M01765,No,2021-09-27,2026-09-25,1231,70.73,Active
120715,UTI ELSS Tax Saver Fund,UTI ELSS Tax Saver Fund - Direct Plan - Growth Option,UTI Mutual Fund,Equity,ELSS,Equity Scheme - ELSS,15-Nov-1999,INF789F01TF7,No,2021-09-27,2026-09-25,1232,220.2026,Active
150587,WhiteOak Capital ELSS Tax Saver Fund,WhiteOak Capital ELSS Tax Saver Fund Direct Plan Growth,WhiteOak Capital Mutual Fund,Equity,ELSS,Equity Schemes - ELSS- Tax Saver Fund,16-Aug-2022,INF03VN01621,No,2022-10-17,2026-09-25,971,18.875,Active
151796,360 ONE Flexicap Fund,360 ONE FLEXICAP FUND-DIRECT PLAN- GROWTH,360 ONE Mutual Fund,Equity,Flexi Cap,Equity Schemes - Flexi Cap Fund,12-Jun-2023,INF579M01AS1,No,2023-07-06,2026-09-25,794,17.0846,Active
154043,Abakkus Flexi Cap Fund,Abakkus Flexi Cap Fund - Direct - Growth,Abakkus Mutual Fund,Equity,Flexi Cap,Equity Scheme - Flexi Cap Fund,08-Dec-2025,INF2JJD01136,No,2025-12-30,2026-09-25,184,11.101,Active
120564,Aditya Birla Sun Life Flexi Cap Fund,Aditya Birla Sun Life Flexi Cap Fund - Growth - Direct Plan,Aditya Birla Sun Life Mutual Fund,Equity,Flexi Cap,Equity Scheme - Flexi Cap Fund,17-Aug-1998,INF209K01XX1,No,2021-09-27,2026-09-25,1232,2161.03,Active
154518,AlphaGrep Flexi Cap Fund,AlphaGrep Flexi Cap Fund - Direct - Growth,AlphaGrep Mutual Fund,Equity,Flexi Cap,Equity Schemes - Flexi Cap Fund,21-Jul-2026,INF2VOA01079,No,2026-08-13,2026-09-25,31,10.0325,Active
141925,Axis Flexi Cap Fund,Axis Flexi Cap Fund - Direct Plan - Growth,Axis Mutual Fund,Equity,Flexi Cap,Equity Schemes - Flexi Cap Fund,30-Oct-2017,INF846K01B28,No,2021-09-27,2026-09-25,1240,31.11,Active
151895,Bajaj Finserv Flexi Cap Fund,Bajaj Finserv Flexi Cap Fund-Direct Plan-Growth,Bajaj Finserv Mutual Fund,Equity,Flexi Cap,Equity Scheme - Flexi Cap Fund,24-Jul-2023,INF0QA701342,No,2023-08-16,2026-09-25,766,16.027,Active
118424,BANDHAN Flexi Cap Fund,BANDHAN Flexi Cap Fund-Direct Plan-Growth,Bandhan Mutual Fund,Equity,Flexi Cap,Equity Scheme - Flexi Cap Fund,05-Sep-2005,INF194K01W62,No,2021-09-27,2026-09-25,1241,225.121,Active
148404,BANK OF INDIA FLEXI CAP FUND,BANK OF INDIA Flexi Cap Fund Direct Plan -Growth,Bank of India Mutual Fund,Equity,Flexi Cap,Equity Scheme - Flexi Cap Fund,10-Jun-2020,INF761K01FF5,Yes,2021-09-27,2026-09-25,1232,42.13,Active
150387,Baroda BNP Paribas Flexi Cap Fund,Baroda BNP Paribas Flexi Cap Fund - Direct Plan - Growth Option,Baroda BNP Paribas Mutual Fund,Equity,Flexi Cap,Equity Scheme - Flexi Cap Fund,25-Jul-2022,INF251K01QZ2,No,2022-08-22,2026-09-25,1009,16.4027,Active
118275,Canara Robeco Flexi Cap Fund,CANARA ROBECO FLEXI CAP FUND - DIRECT PLAN - GROWTH OPTION,Canara Robeco Mutual Fund,Equity,Flexi Cap,Equity Schemes - Flexi Cap Fund,29-Aug-2003,INF760K01EF0,No,2021-09-27,2026-09-25,1232,379.0,Active
153738,Capitalmind Flexi Cap Fund,CAPITALMIND FLEXI CAP FUND DIRECT GROWTH,Capitalmind Mutual Fund,Equity,Flexi Cap,Equity Scheme - Flexi Cap Fund,18-Jul-2025,INF226401018,No,2025-08-06,2026-09-25,281,10.4334,Active
119076,DSP Flexi Cap Fund,DSP Flexi Cap Fund - Direct Plan - Growth,DSP Mutual Fund,Equity,Flexi Cap,Equity Scheme - Flexi Cap Fund,04-Apr-1997,INF740K01PI2,No,2021-09-27,2026-09-25,1232,113.346,Active
140353,Edelweiss Flexi Cap Fund,Edelweiss Flexi Cap Fund - Direct Plan - Growth Option,Edelweiss Mutual Fund,Equity,Flexi Cap,Equity Scheme - Flexi Cap Fund,13-Jan-2015,INF843K01KK1,Yes,2021-09-27,2026-09-25,1233,44.537,Active
118535,Franklin India Flexi Cap Fund,Franklin India Flexi Cap Fund - Direct - Growth,Franklin Templeton Mutual Fund,Equity,Flexi Cap,Equity Scheme - Flexi Cap Fund,29-Sep-1994,INF090I01FK3,Yes,2021-09-27,2026-09-25,1232,1737.442,Active
118955,HDFC Flexi Cap Fund,HDFC Flexi Cap Fund - Growth Option - Direct Plan,HDFC Mutual Fund,Equity,Flexi Cap,Equity Scheme - Flexi Cap Fund,08-Dec-1994,INF179K01UT0,Yes,2021-09-27,2026-09-25,1232,2214.572,Active
152135,Helios Flexi Cap Fund,Helios Flexi Cap Fund - Direct Plan - Growth Option,Helios Mutual Fund,Equity,Flexi Cap,Equity Schemes - Flexi Cap Fund,23-Oct-2023,INF0R8701046,No,2023-11-15,2026-09-25,707,15.92,Active
120046,HSBC Flexi Cap Fund,HSBC Flexi Cap Fund - Direct Growth,HSBC Mutual Fund,Equity,Flexi Cap,Equity Schemes - Flexi Cap Fund,22-Jan-2004,INF336L01DH5,No,2021-09-27,2026-09-25,1232,260.5357,Active
148990,ICICI Prudential Flexi Cap fund,ICICI Prudential Flexi Cap Fund - Direct Plan - Growth,ICICI Prudential Mutual Fund,Equity,Flexi Cap,Equity Schemes - Flexi Cap Fund,28-Jun-2021,INF109KC1R14,No,2021-09-27,2026-09-25,1232,21.36,Active
149763,Invesco India Flexi Cap Fund,Invesco India Flexi Cap Fund - Direct Plan - Growth,Invesco Mutual Fund,Equity,Flexi Cap,Equity Schemes - Flexi Cap Fund,24-Jan-2022,INF205KA1494,Yes,2022-02-16,2026-09-25,1135,20.38,Active
151379,ITI Flexi Cap Fund,ITI Flexi Cap Fund- Direct Plan- Growth,ITI Mutual Fund,Equity,Flexi Cap,Equity Scheme - Flexi Cap Fund,27-Jan-2023,INF00XX01CO7,No,2023-02-22,2026-09-25,882,21.0419,Active
153859,JioBlackRock Flexi Cap Fund,JioBlackRock Flexi Cap Fund - Direct Plan - Growth Option,Jio BlackRock Mutual Fund,Equity,Flexi Cap,Equity Schemes - Flexi Cap Fund,23-Sep-2025,INF22M001093,No,2025-10-17,2026-09-25,232,9.8219,Active
120492,JM Flexi Cap Fund,JM Flexi Cap Fund (Direct) - Growth Option,JM Financial Mutual Fund,Equity,Flexi Cap,Equity Schemes - Flexi Cap Fund,31-Jul-2008,INF192K01CC7,Yes,2021-09-27,2026-09-25,1232,114.1916,Active
120166,Kotak Flexi Cap Fund,Kotak Flexi Cap Fund - Growth - Direct,Kotak Mahindra Mutual Fund,Equity,Flexi Cap,Equity Schemes - Flexi Cap Fund,22-Jul-2009,INF174K01LS2,No,2021-09-27,2026-09-25,1232,94.353,Active
120264,LIC MF Flexi Cap Fund,LIC MF Flexi Cap Fund-Direct Plan-Growth,LIC Mutual Fund,Equity,Flexi Cap,Equity Scheme - Flexi Cap Fund,16-Apr-1998,INF767K01EG3,No,2021-09-27,2026-09-25,1232,114.9438,Active
149104,Mahindra Manulife Flexi Cap Fund,Mahindra Manulife Flexi Cap Fund - Direct Plan -Growth,Mahindra Manulife Mutual Fund,Equity,Flexi Cap,Equity Schemes - Flexi Cap Fund,30-Jul-2021,INF174V01AS2,No,2021-09-27,2026-09-25,1232,17.1449,Active
151412,Mirae Asset Flexi Cap Fund,Mirae Asset Flexi Cap Fund - Direct Plan - Growth,Mirae Asset Mutual Fund,Equity,Flexi Cap,Equity Schemes - Flexi Cap Fund,03-Feb-2023,INF769K01JJ2,No,2023-02-27,2026-09-25,880,16.834,Active
129046,Motilal Oswal Flexi Cap Fund,Motilal Oswal Flexi cap Fund Direct Plan-Growth Option,Motilal Oswal Mutual Fund,Equity,Flexi Cap,Equity Scheme - Flexi Cap Fund,07-Apr-2014,INF247L01502,No,2021-09-27,2026-09-25,1232,70.219,Active
143793,Navi Flexi Cap Fund,Navi Flexi Cap Fund - Direct Plan - Growth,Navi Mutual Fund,Equity,Flexi Cap,Equity Scheme - Flexi Cap Fund,18-Jun-2018,INF959L01DT9,No,2021-09-27,2026-09-25,1233,29.0488,Active
149094,Nippon India Flexi Cap Fund,Nippon India Flexi Cap Fund - Direct Plan - Growth Plan - Growth Option,Nippon India Mutual Fund,Equity,Flexi Cap,Equity Scheme - Flexi Cap Fund,26-Jul-2021,INF204KC1121,No,2021-09-27,2026-09-25,1232,17.5219,Active
151917,NJ Flexi Cap Fund,NJ Flexi Cap Fund - Direct Plan - Growth Option,NJ Mutual Fund,Equity,Flexi Cap,Equity Schemes - Flexi Cap Fund,15-Aug-2023,INF0J8L01156,No,2023-09-06,2026-09-25,751,13.39,Active
154225,Old Bridge Flexi Cap Fund,Old Bridge Flexi Cap Fund Direct Growth,Old Bridge Mutual Fund,Equity,Flexi Cap,Equity Scheme - Flexi Cap Fund,13-Feb-2026,INF0S5R01133,No,2026-03-04,2026-09-25,141,11.25,Active
122639,Parag Parikh Flexi Cap Fund,Parag Parikh Flexi Cap Fund - Direct Plan - Growth,PPFAS Mutual Fund,Equity,Flexi Cap,Equity Scheme - Flexi Cap Fund,13-May-2013,INF879O01027,No,2021-09-27,2026-09-24,1230,89.6034,Active
133839,PGIM India Flexi Cap Fund,PGIM India Flexi Cap Fund - Direct Plan - Growth Option,PGIM India Mutual Fund,Equity,Flexi Cap,Equity Scheme - Flexi Cap Fund,11-Feb-2015,INF663L01FF1,No,2021-09-27,2026-09-25,1232,43.17,Active
120843,Quant Flexi Cap Fund,quant Flexi Cap Fund - Growth Option-Direct Plan,quant Mutual Fund,Equity,Flexi Cap,Equity Scheme - Flexi Cap Fund,25-Aug-2008,INF966L01911,No,2021-09-27,2026-09-25,1232,120.4479,Active
154515,Quantum Flexi Cap Fund,Quantum Flexi Cap Fund - Direct Plan Growth Option,Quantum Mutual Fund,Equity,Flexi Cap,Equity Schemes - Flexi Cap Fund,21-Aug-2026,INF082J01507,No,2026-09-10,2026-09-25,11,9.79,Active
149450,Samco Flexi Cap Fund,Samco Flexi Cap Fund - Direct Plan - Growth Option,Samco Mutual Fund,Equity,Flexi Cap,Equity Scheme - Flexi Cap Fund,17-Jan-2022,INF0K1H01024,No,2022-02-09,2026-09-25,1138,10.14,Active
119718,SBI FLEXICAP FUND,SBI Flexicap Fund - DIRECT PLAN - Growth Option,SBI Mutual Fund,Equity,Flexi Cap,Equity Scheme - Flexi Cap Fund,22-Aug-2005,INF200K01UG1,No,2021-09-27,2026-09-24,1238,120.8548,Active
144905,Shriram Flexi Cap Fund,Shriram Flexi Cap Fund - Direct Growth,Shriram Mutual Fund,Equity,Flexi Cap,Equity Scheme - Flexi Cap Fund,07-Sep-2018,INF680P01109,No,2021-09-27,2026-09-25,1232,22.0543,Active
150571,Sundaram Flexicap Fund,Sundaram Flexicap Fund Direct Growth,Sundaram Mutual Fund,Equity,Flexi Cap,Equity Scheme - Flexi Cap Fund,16-Aug-2022,INF903JA1LE2,No,2022-09-07,2026-09-25,998,14.8011,Active
144546,Tata Flexi Cap Fund,Tata Flexi Cap Fund-Direct Plan-Growth,Tata Mutual Fund,Equity,Flexi Cap,Equity Scheme - Flexi Cap Fund,17-Aug-2018,INF277K015K0,No,2021-09-27,2026-09-25,1232,25.7792,Active
118883,Taurus Flexi Cap Fund,Taurus Flexi Cap Fund - Direct Plan - Growth,Taurus Mutual Fund,Equity,Flexi Cap,Equity Scheme - Flexi Cap Fund,29-Jan-1994,INF044D01BU9,No,2021-09-27,2026-09-25,1229,253.44,Active
153872,The Wealth Company Flexi Cap Fund,THE WEALTH COMPANY FLEXI CAP FUND - DIRECT GROWTH,The Wealth Company Mutual Fund,Equity,Flexi Cap,Equity Scheme - Flexi Cap Fund,24-Sep-2025,INF2F0001040,No,2025-10-17,2026-09-25,232,9.8626,Active
152584,TRUSTMF Flexi Cap Fund,TRUSTMF Flexi Cap Fund-Direct Plan- Growth,Trust Mutual Fund,Equity,Flexi Cap,Equity Scheme - Flexi Cap Fund,05-Apr-2024,INF0GCD01743,No,2024-04-29,2026-09-25,597,12.7,Active
153543,UNIFI FLEXI CAP FUND,Unifi Flexi Cap Fund - Direct Growth,Unifi Mutual Fund,Equity,Flexi Cap,Equity Scheme - Flexi Cap Fund,19-May-2025,INF1MIY01031,No,2025-06-09,2026-09-25,322,10.8531,Active
119292,Union Flexi Cap Fund,Union Flexi Cap Fund - Direct Plan - Growth Option,Union Mutual Fund,Equity,Flexi Cap,Equity Scheme - Flexi Cap Fund,20-May-2011,INF582M01633,No,2021-09-27,2026-09-25,1231,58.22,Active
120662,UTI - Flexi Cap Fund.,UTI - Flexi Cap Fund-Growth Option - Direct,UTI Mutual Fund,Equity,Flexi Cap,Equity Scheme - Flexi Cap Fund,20-Apr-1992,INF789F01TC4,No,2021-09-27,2026-09-25,1232,344.2553,Active
150346,WhiteOak Capital Flexi Cap Fund,WhiteOak Capital Flexi Cap Fund Direct Plan-Growth,WhiteOak Capital Mutual Fund,Equity,Flexi Cap,Equity Schemes - Flexi Cap Fund,12-Jul-2022,INF03VN01530,No,2022-08-03,2026-09-25,1020,18.717,Active
131580,360 ONE Focused Fund,360 ONE Focused Fund-Direct Plan-Growth,360 ONE Mutual Fund,Equity,Focused,Equity Schemes - Focused Fund,08-Oct-2014,INF579M01902,No,2021-09-27,2026-09-25,1232,54.6369,Active
119564,Aditya Birla Sun Life Focused Fund,Aditya Birla Sun Life Focused Fund - Growth - Direct Plan,Aditya Birla Sun Life Mutual Fund,Equity,Focused,Equity Scheme - Focused Fund,30-Aug-2005,INF209K01WE3,No,2021-09-27,2026-09-25,1232,162.4873,Active
120468,Axis Focused Fund,Axis Focused Fund - Direct Plan - Growth Option,Axis Mutual Fund,Equity,Focused,Equity Schemes - Focused Fund,11-Jun-2012,INF846K01CQ8,No,2021-09-27,2026-09-25,1240,63.68,Active
118421,Bandhan Focused Fund,Bandhan Focused Fund - Direct Plan - Growth,Bandhan Mutual Fund,Equity,Focused,Equity Scheme - Focused Fund,30-Jan-2006,INF194K01W21,No,2021-09-27,2026-09-25,1241,109.458,Active
150264,Baroda BNP Paribas Focused Fund,BARODA BNP PARIBAS Focused Fund - Direct Plan - Growth Option,Baroda BNP Paribas Mutual Fund,Equity,Focused,Equity Scheme - Focused Fund,15-Sep-2017,INF251K01PN0,No,2022-03-14,2026-09-25,1118,23.6394,Active
148883,Canara Robeco Focused Fund,Canara Robeco Focused Fund - Direct Plan - Growth Option,Canara Robeco Mutual Fund,Equity,Focused,Equity Schemes - Focused Fund,23-Apr-2021,INF760K01JQ6,No,2021-09-27,2026-09-25,1232,20.92,Active
119096,DSP Focused Fund,DSP Focused Fund - Direct Plan - Growth,DSP Mutual Fund,Equity,Focused,Equity Scheme - Focused Fund,23-Apr-2010,INF740K01OB0,No,2021-09-27,2026-09-25,1232,60.865,Active
150376,Edelweiss Focused Fund,Edelweiss Focused Fund - Direct Plan - Growth,Edelweiss Mutual Fund,Equity,Focused,Equity Scheme - Focused Fund,12-Jul-2022,INF754K01OP1,No,2022-08-03,2026-09-25,1021,17.162,Active
118564,Franklin India Focused Equity Fund,Franklin India Focused Equity Fund - Direct - Growth,Franklin Templeton Mutual Fund,Equity,Focused,Equity Scheme - Focused Fund,31-May-2007,INF090I01IW2,No,2021-09-27,2026-09-25,1232,109.7341,Active
118950,HDFC Focused Fund,HDFC Focused Fund - Growth Option - Direct Plan,HDFC Mutual Fund,Equity,Focused,Equity Scheme - Focused Fund,20-Aug-2004,INF179K01VK7,Yes,2021-09-27,2026-09-25,1232,261.785,Active
148411,HSBC Focused Fund,HSBC Focused Fund - Direct Growth,HSBC Mutual Fund,Equity,Focused,Equity Schemes - Focused Fund,01-Jul-2020,INF336L01PB2,No,2021-09-27,2026-09-25,1232,29.4832,Active
120722,ICICI Prudential Focused Fund,ICICI Prudential Focused Fund - Direct Plan - Growth,ICICI Prudential Mutual Fund,Equity,Focused,Equity Schemes - Focused Fund,15-Apr-2009,INF109K018N2,Yes,2021-09-27,2026-09-25,1232,106.95,Active
148481,Invesco India Focused Fund,Invesco India Focused Fund - Direct Plan - Growth,Invesco Mutual Fund,Equity,Focused,Equity Schemes - Focused Fund,09-Sep-2020,INF205KA1213,Yes,2021-09-27,2026-09-25,1232,31.61,Active
151777,ITI Focused Fund,ITI Focused Fund - Direct Plan - Growth,ITI Mutual Fund,Equity,Focused,Equity Scheme - Focused Fund,29-May-2023,INF00XX01CS8,No,2023-06-21,2026-09-25,803,17.0558,Active
120488,JM Focused Fund,JM Focused Fund (Direct)  - Growth Option,JM Financial Mutual Fund,Equity,Focused,Equity Schemes - Focused Fund,14-Jan-2008,INF192K01BW7,No,2021-09-27,2026-09-25,1232,23.683,Active
147473,Kotak Focused Fund,Kotak Focused Fund- Direct Plan- Growth option,Kotak Mahindra Mutual Fund,Equity,Focused,Equity Scheme - Focused Fund,25-Jun-2019,INF174KA1EN7,No,2021-09-27,2026-09-25,1232,29.757,Active
152010,LIC MF Focused Fund,LIC MF Focused Fund-Direct Plan-Growth,LIC Mutual Fund,Equity,Focused,Equity Scheme - Focused Fund,30-Oct-2017,INF397L01KA7,No,2023-07-31,2026-09-25,777,24.3933,Active
148567,Mahindra Manulife Focused Fund,Mahindra Manulife Focused Fund - Direct Plan -Growth,Mahindra Manulife Mutual Fund,Equity,Focused,Equity Schemes - Focused Fund,26-Oct-2020,INF174V01AG7,Yes,2021-09-27,2026-09-25,1232,28.5329,Active
147206,Mirae Asset Focused Fund,Mirae Asset Focused Fund - Direct Plan - Growth,Mirae Asset Mutual Fund,Equity,Focused,Equity Schemes - Focused Fund,23-Apr-2019,INF769K01EU0,No,2021-09-27,2026-09-25,1232,27.407,Active
122389,Motilal Oswal Focused Fund,Motilal Oswal Focused Fund - Direct Plan Growth Option,Motilal Oswal Mutual Fund,Equity,Focused,Equity Scheme - Focused Fund,22-Apr-2013,INF247L01189,No,2021-09-27,2026-09-25,1232,63.4336,Active
118692,Nippon India Focused Fund,Nippon India Focused Fund - Direct Plan Growth Plan - Growth Option,Nippon India Mutual Fund,Equity,Focused,Equity Scheme - Focused Fund,14-Nov-2006,INF204K01F95,No,2021-09-27,2026-09-25,1232,132.3662,Active
152358,Old Bridge Focused Fund,Old Bridge Focused Fund - Direct Growth,Old Bridge Mutual Fund,Equity,Focused,Equity Scheme - Focused Fund,17-Jan-2024,INF0S5R01042,No,2024-01-25,2026-09-25,659,13.93,Active
120834,Quant Focused Fund,quant Focused Fund - Growth Option-Direct Plan,quant Mutual Fund,Equity,Focused,Equity Scheme - Focused Fund,03-Jul-2008,INF966L01853,Yes,2021-09-27,2026-09-25,1232,102.9579,Active
119727,SBI FOCUSED FUND,SBI FOCUSED FUND - DIRECT PLAN -GROWTH,SBI Mutual Fund,Equity,Focused,Equity Scheme - Focused Fund,23-Aug-2004,INF200K01RJ1,No,2021-09-27,2026-09-24,1238,442.0606,Active
149533,Sundaram Focused Fund (Formerly Known as Principal Focused Multicap Fund),Sundaram Focused Fund (Formerly Known as Principal Focused Multicap Fund)- Direct Plan - Growth Option,Sundaram Mutual Fund,Equity,Focused,Equity Scheme - Focused Fund,23-Sep-2005,INF173K01EK6,Yes,2022-01-03,2026-09-25,1166,182.1587,Active
147757,Tata Focused Fund,Tata Focused Fund-Direct Plan-Growth,Tata Mutual Fund,Equity,Focused,Equity Scheme - Focused Fund,15-Nov-2019,INF277K017X9,Yes,2021-09-27,2026-09-25,1232,24.5708,Active
147492,Union Focused Fund,Union Focused Fund - Direct Plan - Growth Option,Union Mutual Fund,Equity,Focused,Equity Scheme - Focused Fund,15-Jul-2019,INF582M01FS4,No,2021-09-27,2026-09-25,1231,28.97,Active
149091,UTI Focused Fund (30 stocks),UTI Focused Fund (30 stocks) - Direct Plan - Growth Option,UTI Mutual Fund,Equity,Focused,Equity Schemes - Focused Fund,04-Aug-2021,INF789F1AVA3,No,2021-09-27,2026-09-25,1232,16.1713,Active
154477,Abakkus Large & Mid Cap Fund,Abakkus Large & Mid Cap Fund - Direct  Plan - Growth,Abakkus Mutual Fund,Equity,Large & Mid Cap,Equity Scheme - Large & Mid Cap Fund,15-Jul-2026,INF2JJD01193,No,2026-08-06,2026-09-25,36,9.672,Active
119436,Aditya Birla Sun Life Large & Mid Cap Fund,Aditya Birla Sun Life Large & Mid Cap Fund - Growth - Direct Plan,Aditya Birla Sun Life Mutual Fund,Equity,Large & Mid Cap,Equity Scheme - Large & Mid Cap Fund,24-Feb-1995,INF209K01VH8,No,2021-09-27,2026-09-25,1232,1050.27,Active
145110,Axis Large & Mid Cap Fund,Axis Large & Mid Cap Fund - Direct Plan - Growth,Axis Mutual Fund,Equity,Large & Mid Cap,Equity Schemes - Large & Mid Cap Fund,01-Oct-2018,INF846K01J46,Yes,2021-09-27,2026-09-24,1237,38.28,Active
152408,Bajaj Finserv Large & Mid Cap Fund,Bajaj Finserv Large & Mid Cap Fund- Direct Plan- Growth,Bajaj Finserv Mutual Fund,Equity,Large & Mid Cap,Equity Schemes - Large & Mid Cap Fund,06-Feb-2024,INF0QA701763,No,2024-02-29,2026-09-25,634,12.521,Active
118419,Bandhan Large & Mid Cap Fund,Bandhan Large & Mid Cap Fund - Direct Plan - Growth,Bandhan Mutual Fund,Equity,Large & Mid Cap,Equity Scheme - Large & Mid Cap Fund,27-Jun-2005,INF194K01V89,Yes,2021-09-27,2026-09-25,1241,163.9,Active
119350,BANK OF INDIA LARGE & MID CAP FUND,BANK OF INDIA Large & Mid Cap Fund Direct Plan-Growth,Bank of India Mutual Fund,Equity,Large & Mid Cap,Equity Scheme - Large & Mid Cap Fund,04-Sep-2008,INF761K01652,No,2021-09-27,2026-09-25,1232,106.15,Active
148474,Baroda BNP Paribas Large and Mid Cap fund,Baroda BNP Paribas Large and Mid Cap Fund- Direct Plan -Growth Option,Baroda BNP Paribas Mutual Fund,Equity,Large & Mid Cap,Equity Scheme - Large & Mid Cap Fund,17-Aug-2020,INF955L01JU2,No,2021-09-27,2026-09-25,1233,29.3359,Active
118278,Canara Robeco Large and Mid Cap Fund,CANARA ROBECO LARGE AND MID CAP FUND - DIRECT PLAN - GROWTH OPTION,Canara Robeco Mutual Fund,Equity,Large & Mid Cap,Equity Schemes - Large & Mid Cap Fund,11-Feb-2005,INF760K01EI4,No,2021-09-27,2026-09-25,1232,289.98,Active
119218,DSP Large & Mid Cap Fund,DSP Large & Mid Cap Fund - Direct Plan - Growth,DSP Mutual Fund,Equity,Large & Mid Cap,Equity Scheme - Large & Mid Cap Fund,11-Mar-2000,INF740K01PL6,No,2021-09-27,2026-09-25,1232,676.768,Active
140175,Edelweiss Large & Mid Cap Fund,Edelweiss Large & Mid Cap Fund - Direct Plan - Growth Option,Edelweiss Mutual Fund,Equity,Large & Mid Cap,Equity Scheme - Large & Mid Cap Fund,19-Apr-2007,INF843K01AL0,No,2021-09-27,2026-09-25,1233,105.287,Active
118510,Franklin India Large & Mid Cap Fund,Franklin India Large & Mid Cap Fund - Direct - Growth,Franklin Templeton Mutual Fund,Equity,Large & Mid Cap,Equity Scheme - Large & Mid Cap Fund,17-Jan-2005,INF090I01IN1,No,2021-09-27,2026-09-25,1231,205.2823,Active
130498,HDFC Large & Mid Cap Fund,HDFC Large & Mid Cap Fund - Growth Option - Direct Plan,HDFC Mutual Fund,Equity,Large & Mid Cap,Equity Schemes - Large & Mid Cap Fund,06-Jan-1994,INF179KA1RQ7,Yes,2021-09-27,2026-09-25,1232,359.518,Active
152941,Helios Large & Mid Cap Fund,Helios Large & Mid Cap Fund - Direct Plan - Growth Option,Helios Mutual Fund,Equity,Large & Mid Cap,Equity Schemes - Large & Mid Cap Fund,10-Oct-2024,INF0R8701269,No,2024-11-04,2026-09-25,468,11.51,Active
146772,HSBC Large & Mid Cap Fund,HSBC Large & Mid Cap Fund - Direct Growth,HSBC Mutual Fund,Equity,Large & Mid Cap,Equity Schemes - Large & Mid Cap Fund,11-Mar-2019,INF336L01NV5,No,2021-09-27,2026-09-25,1232,32.4425,Active
120596,ICICI Prudential Large & Mid Cap Fund,ICICI Prudential Large & Mid Cap Fund - Direct Plan - Growth,ICICI Prudential Mutual Fund,Equity,Large & Mid Cap,Equity Scheme - Large & Mid Cap Fund,01-Jun-1998,INF109K011O5,Yes,2021-09-27,2026-09-25,1232,1140.89,Active
120357,Invesco India Large & Mid Cap Fund,Invesco India Large & Mid Cap Fund - Direct Plan - Growth,Invesco Mutual Fund,Equity,Large & Mid Cap,Equity Schemes - Large & Mid Cap Fund,09-Jul-2007,INF205K01MA0,Yes,2021-09-27,2026-09-25,1232,129.73,Active
152821,ITI Large & Mid Cap Fund,ITI Large & Midcap Fund - Direct Plan - Growth,ITI Mutual Fund,Equity,Large & Mid Cap,Equity Scheme - Large & Mid Cap Fund,21-Aug-2024,INF00XX01DA4,No,2024-09-13,2026-09-25,502,10.4343,Active
153629,JM Large & Mid Cap Fund,JM Large & Mid Cap Fund (Direct) - Growth Option,JM Financial Mutual Fund,Equity,Large & Mid Cap,Equity Schemes - Large & Mid Cap Fund,04-Jul-2025,INF192K01NK7,No,2025-07-30,2026-09-25,285,10.6909,Active
120158,Kotak Large & Mid Cap Fund,Kotak Large & Mid Cap Fund - Direct- Growth,Kotak Mahindra Mutual Fund,Equity,Large & Mid Cap,Equity Schemes - Large & Mid Cap Fund,10-Sep-2004,INF174K01LF9,No,2021-09-27,2026-09-25,1232,398.504,Active
133710,LIC MF Large & Mid Cap Fund,LIC MF Large & Mid Cap Fund-Direct Plan-Growth,LIC Mutual Fund,Equity,Large & Mid Cap,Equity Scheme - Large & Mid Cap Fund,02-Feb-2015,INF767K01NE9,No,2021-09-27,2026-09-25,1232,44.4009,Active
147840,Mahindra Manulife Large & Mid Cap Fund,Mahindra Manulife Large & Mid Cap Fund - Direct Plan -Growth,Mahindra Manulife Mutual Fund,Equity,Large & Mid Cap,Equity Schemes - Large & Mid Cap Fund,06-Dec-2019,INF174V01945,Yes,2021-09-27,2026-09-25,1232,30.8403,Active
118834,Mirae Asset Large & Midcap Fund,Mirae Asset Large & Midcap Fund - Direct Plan - Growth,Mirae Asset Mutual Fund,Equity,Large & Mid Cap,Equity Schemes - Large & Mid Cap Fund,24-May-2010,INF769K01BI1,No,2021-09-27,2026-09-25,1232,173.173,Active
147704,Motilal Oswal Large and Midcap Fund,Motilal Oswal Large and Midcap Fund - Direct Plan Growth,Motilal Oswal Mutual Fund,Equity,Large & Mid Cap,Equity Scheme - Large & Mid Cap Fund,27-Sep-2019,INF247L01999,Yes,2021-09-27,2026-09-25,1232,40.5919,Active
135677,Navi Large & Midcap Fund,Navi Large & Midcap Fund- Direct Plan- Growth Option,Navi Mutual Fund,Equity,Large & Mid Cap,Equity Scheme - Large & Mid Cap Fund,16-Nov-2015,INF959L01CH6,No,2021-09-27,2026-09-25,1233,43.6602,Active
118678,Nippon India Vision Large & Mid Cap Fund,Nippon India Vision Large & Mid Cap Fund - Direct Plan Growth Plan - Growth Option,Nippon India Mutual Fund,Equity,Large & Mid Cap,Equity Scheme - Large & Mid Cap Fund,25-Sep-1995,INF204K01F20,No,2021-09-27,2026-09-25,1232,1573.7614,Active
152382,PGIM India Large and Midcap Fund,PGIM India Large and Midcap Fund - Direct Plan - Growth Option,PGIM India Mutual Fund,Equity,Large & Mid Cap,Equity Scheme - Large & Mid Cap Fund,24-Jan-2024,INF663L01Y12,No,2024-02-16,2026-09-25,643,12.98,Active
120826,Quant Large & Mid Cap Fund,quant Large & Mid Cap Fund - Growth Option-Direct Plan,quant Mutual Fund,Equity,Large & Mid Cap,Equity Scheme - Large & Mid Cap Fund,20-Nov-2006,INF966L01648,Yes,2021-09-27,2026-09-25,1232,136.2408,Active
153534,Samco Large & Mid Cap Fund,Samco Large & Mid Cap Fund - Direct Plan - Growth Option,Samco Mutual Fund,Equity,Large & Mid Cap,Equity Scheme - Large & Mid Cap Fund,05-Jun-2025,INF0K1H01271,No,2025-06-30,2026-09-25,307,8.86,Active
119721,SBI LARGE & MIDCAP FUND,SBI LARGE & MIDCAP FUND -DIRECT PLAN -Growth,SBI Mutual Fund,Equity,Large & Mid Cap,Equity Scheme - Large & Mid Cap Fund,01-Jan-1993,INF200K01UJ5,Yes,2021-09-27,2026-09-24,1238,685.7813,Active
119566,Sundaram Large and Midcap Fund,Sundaram Large and Midcap Fund Direct Plan - Growth,Sundaram Mutual Fund,Equity,Large & Mid Cap,Equity Scheme - Large & Mid Cap Fund,10-Jan-2007,INF903J01PR9,Yes,2021-09-27,2026-09-25,1231,102.6839,Active
119202,Tata Large & Mid Cap Fund,Tata Large & MId Cap Fund -Direct Plan- Growth Option,Tata Mutual Fund,Equity,Large & Mid Cap,Equity Scheme - Large & Mid Cap Fund,01-Jan-2013,INF277K01MK8,No,2021-09-27,2026-09-25,1232,561.8233,Active
154381,The Wealth Company Large & Mid Cap Fund,The Wealth Company Large & Mid Cap Fund Direct Growth,The Wealth Company Mutual Fund,Equity,Large & Mid Cap,Equity Scheme - Large & Mid Cap Fund,21-May-2026,INF2F0001594,No,2026-06-12,2026-09-25,74,10.1475,Active
154433,TRUSTMF LARGE & MIDCAP FUND,TRUSTMF LARGE & MIDCAP FUND - DIRECT PLAN - GROWTH,Trust Mutual Fund,Equity,Large & Mid Cap,Equity Schemes - Large & Mid Cap Fund,13-Jul-2026,INF0GCD01891,No,2026-07-30,2026-09-25,41,9.95,Active
147750,Union Large & Midcap Fund,Union Large & Midcap Fund - Direct Plan - Growth Option,Union Mutual Fund,Equity,Large & Mid Cap,Equity Scheme - Large & Mid Cap Fund,15-Nov-2019,INF582M01GA0,No,2021-09-27,2026-09-25,1231,29.21,Active
120665,UTI Large & Mid Cap Fund,UTI Large & Mid Cap Fund - Direct Plan - Growth Option,UTI Mutual Fund,Equity,Large & Mid Cap,Equity Scheme - Large & Mid Cap Fund,20-May-2009,INF789F01UG3,Yes,2021-09-27,2026-09-25,1232,195.9053,Active
152226,WhiteOak Capital Large & Mid Cap Fund,Whiteoak Capital Large & Mid Cap Fund Direct Plan Growth,WhiteOak Capital Mutual Fund,Equity,Large & Mid Cap,Equity Schemes - Large & Mid Cap Fund,01-Dec-2023,INF03VN01845,No,2023-12-26,2026-09-25,679,14.041,Active
119528,Aditya Birla Sun Life Large Cap Fund,Aditya Birla Sun Life Large Cap Fund - Growth - Direct Plan,Aditya Birla Sun Life Mutual Fund,Equity,Large Cap,Equity Scheme - Large Cap Fund,23-Sep-2002,INF209K01YY7,No,2021-09-27,2026-09-25,1232,559.61,Active
120465,Axis Large Cap Fund,Axis Large Cap Fund - Direct Plan - Growth,Axis Mutual Fund,Equity,Large Cap,Equity Schemes - Large Cap Fund,11-Nov-2009,INF846K01DP8,No,2021-09-27,2026-09-25,1240,67.91,Active
152783,BAJAJ FINSERV LARGE CAP FUND,BAJAJ FINSERV LARGE CAP FUND - DIRECT PLAN - GROWTH,Bajaj Finserv Mutual Fund,Equity,Large Cap,Equity Scheme - Large Cap Fund,29-Jul-2024,INF0QA701896,No,2024-08-23,2026-09-25,517,10.208,Active
118479,BANDHAN LARGE CAP FUND,BANDHAN Large Cap Fund-Direct Plan-Growth,Bandhan Mutual Fund,Equity,Large Cap,Equity Scheme - Large Cap Fund,19-Apr-2006,INF194K01Z44,No,2021-09-27,2026-09-25,1241,88.643,Active
148980,BANK OF INDIA LARGE CAP FUND,BANK OF INDIA Large Cap Fund Direct Plan Growth,Bank of India Mutual Fund,Equity,Large Cap,Equity Scheme - Large Cap Fund,08-Jun-2021,INF761K01FL3,No,2021-09-27,2026-09-25,1232,17.69,Active
150187,BARODA BNP PARIBAS LARGE CAP FUND,BARODA BNP PARIBAS LARGE CAP Fund - Direct Plan - Growth Option,Baroda BNP Paribas Mutual Fund,Equity,Large Cap,Equity Scheme - Large Cap Fund,09-Aug-2004,INF251K01HN7,Yes,2022-03-14,2026-09-25,1118,251.8109,Active
118269,Canara Robeco Large Cap Fund,CANARA ROBECO LARGE CAP FUND - DIRECT PLAN - GROWTH OPTION,Canara Robeco Mutual Fund,Equity,Large Cap,Equity Schemes - Large Cap Fund,28-Jun-2010,INF760K01FR2,No,2021-09-27,2026-09-25,1232,69.87,Active
119250,DSP Large Cap Fund,DSP Large Cap Fund - Direct Plan - Growth,DSP Mutual Fund,Equity,Large Cap,Equity Scheme - Large Cap Fund,10-Feb-2003,INF740K01PR3,No,2021-09-27,2026-09-25,1232,486.893,Active
118617,Edelweiss Large Cap Fund,Edelweiss Large Cap Fund - Direct Plan-Growth option,Edelweiss Mutual Fund,Equity,Large Cap,Equity Scheme - Large Cap Fund,04-May-2009,INF754K01BW4,Yes,2021-09-27,2026-09-25,1233,95.04,Active
118531,Franklin India Large Cap Fund,Franklin India Large Cap Fund- Direct - Growth,Franklin Templeton Mutual Fund,Equity,Large Cap,Equity Scheme - Large Cap Fund,01-Dec-1993,INF090I01FN7,No,2021-09-27,2026-09-25,1231,1094.5528,Active
119133,Groww Large Cap Fund,Groww Largecap Fund (formerly known as Indiabulls Blue Chip Fund) - Direct Plan - Growth Option,Groww Mutual Fund,Equity,Large Cap,Equity Schemes - Large Cap Fund,20-Jan-2012,INF666M01600,No,2021-09-27,2026-09-25,1232,50.68,Active
119018,HDFC Large Cap Fund,HDFC Large Cap Fund - Growth Option - Direct Plan,HDFC Mutual Fund,Equity,Large Cap,Equity Scheme - Large Cap Fund,19-Aug-1996,INF179K01YV8,Yes,2021-09-27,2026-09-25,1232,1189.079,Active
120030,HSBC Large Cap Fund,HSBC Large Cap Fund - Direct Growth,HSBC Mutual Fund,Equity,Large Cap,Equity Schemes - Large Cap Fund,14-Nov-2002,INF336L01CM7,No,2021-09-27,2026-09-25,1232,523.4591,Active
120586,ICICI Prudential Large Cap Fund (erstwhile Bluechip Fund),ICICI Prudential Large Cap Fund (erstwhile Bluechip Fund) - Direct Plan - Growth,ICICI Prudential Mutual Fund,Equity,Large Cap,Equity Scheme - Large Cap Fund,08-Apr-2008,INF109K016L0,Yes,2021-09-27,2026-09-25,1232,115.57,Active
120392,Invesco India Large Cap Fund,Invesco India Large Cap Fund - Direct Plan - Growth,Invesco Mutual Fund,Equity,Large Cap,Equity Schemes - Large Cap Fund,10-Jul-2009,INF205K01LB0,Yes,2021-09-27,2026-09-25,1232,85.78,Active
148353,ITI Large Cap Fund,ITI Large Cap Fund - Direct Plan - Growth Option,ITI Mutual Fund,Equity,Large Cap,Equity Scheme - Large Cap Fund,04-Dec-2020,INF00XX01804,Yes,2021-09-27,2026-09-25,1231,19.5634,Active
154307,JioBlackRock Large Cap Fund,JioBlackRock Large Cap Fund - Direct Plan - Growth Option,Jio BlackRock Mutual Fund,Equity,Large Cap,Equity Schemes - Large Cap Fund,24-Mar-2026,INF22M001176,No,2026-04-16,2026-09-25,113,9.6843,Active
120490,JM Large Cap Fund,JM Large Cap Fund (Direct) - Growth Option,JM Financial Mutual Fund,Equity,Large Cap,Equity Schemes - Large Cap Fund,01-Apr-1995,INF192K01BZ0,Yes,2021-09-27,2026-09-25,1232,174.5389,Active
120152,Kotak Large Cap Fund,Kotak Large Cap  Fund - Growth - Direct,Kotak Mahindra Mutual Fund,Equity,Large Cap,Equity Scheme - Large Cap Fund,22-Dec-1998,INF174K01KW6,No,2021-09-27,2026-09-25,1232,637.677,Active
120267,LIC MF Large Cap Fund,LIC MF Large Cap Fund-Direct Plan-Growth,LIC Mutual Fund,Equity,Large Cap,Equity Scheme - Large Cap Fund,01-Sep-1994,INF767K01EJ7,No,2021-09-27,2026-09-25,1232,60.4321,Active
146549,Mahindra Manulife Large Cap Fund,Mahindra Manulife Large Cap Fund - Direct Plan -Growth,Mahindra Manulife Mutual Fund,Equity,Large Cap,Equity Schemes - Large Cap Fund,22-Feb-2019,INF174V01721,No,2021-09-27,2026-09-25,1232,24.2985,Active
118825,Mirae Asset Large Cap Fund,Mirae Asset Large Cap Fund - Direct Plan - Growth,Mirae Asset Mutual Fund,Equity,Large Cap,Equity Schemes - Large Cap Fund,11-Feb-2008,INF769K01AX2,No,2021-09-27,2026-09-25,1232,123.395,Active
152354,Motilal Oswal Large Cap Fund,Motilal Oswal Large Cap Direct Plan Growth,Motilal Oswal Mutual Fund,Equity,Large Cap,Equity Scheme - Large Cap Fund,17-Jan-2024,INF247L01CE3,No,2024-02-12,2026-09-25,647,13.7831,Active
118632,Nippon India Large Cap Fund,Nippon India Large Cap Fund - Direct Plan Growth Plan - Growth Option,Nippon India Mutual Fund,Equity,Large Cap,Equity Scheme - Large Cap Fund,12-Jun-2007,INF204K01XI3,Yes,2021-09-27,2026-09-25,1232,97.6968,Active
154155,Parag Parikh Large Cap Fund,Parag Parikh Large Cap Fund - Direct Plan - Growth,PPFAS Mutual Fund,Equity,Large Cap,Equity Scheme - Large Cap Fund,19-Jan-2026,INF879O01332,No,2026-02-06,2026-09-25,158,9.3217,Active
138312,PGIM India Large Cap Fund,PGIM India Large Cap Fund - Direct Plan - Growth,PGIM India Mutual Fund,Equity,Large Cap,Equity Scheme - Large Cap Fund,14-Jan-2003,INF663L01GR4,No,2021-09-27,2026-09-25,1232,389.55,Active
150440,quant Large Cap Fund,quant Large Cap Fund - Growth Option - Direct Plan,quant Mutual Fund,Equity,Large Cap,Equity Scheme - Large Cap Fund,20-Jul-2022,INF966L01AT0,No,2022-08-12,2026-09-25,1014,16.5698,Active
153239,Samco Large Cap Fund,Samco Large Cap Fund - Direct Plan - Growth Option,Samco Mutual Fund,Equity,Large Cap,Equity Scheme - Large Cap Fund,05-Mar-2025,INF0K1H01255,No,2025-03-28,2026-09-25,369,8.89,Active
119598,SBI Large Cap Fund,SBI Large Cap FUND-DIRECT PLAN -GROWTH,SBI Mutual Fund,Equity,Large Cap,Equity Scheme - Large Cap Fund,23-Dec-2005,INF200K01QX4,No,2021-09-27,2026-09-25,1241,101.2912,Active
148507,Sundaram Large Cap Fund ( Formerly Know as Sundaram Blue Chip Fund),Sundaram Large Cap Fund (Formerly Known as Sundaram Blue Chip Fund)Direct Plan - Growth,Sundaram Mutual Fund,Equity,Large Cap,Equity Scheme - Large Cap Fund,17-Sep-2020,INF903JA1JC0,No,2021-09-27,2026-09-25,1231,22.0031,Active
119160,Tata Large Cap Fund,Tata Large Cap Fund -Direct Plan Growth Option,Tata Mutual Fund,Equity,Large Cap,Equity Scheme - Large Cap Fund,01-Jan-2013,INF277K01QZ7,No,2021-09-27,2026-09-25,1232,565.049,Active
118870,Taurus Large Cap Fund,Taurus Large Cap Fund - Direct Plan - Growth,Taurus Mutual Fund,Equity,Large Cap,Equity Scheme - Large Cap Fund,07-May-2008,INF044D01BX3,No,2021-09-27,2026-09-25,1229,178.63,Active
141248,Union Largecap Fund,Union Largecap Fund - Direct Plan - Growth Option,Union Mutual Fund,Equity,Large Cap,Equity Scheme - Large Cap Fund,20-Apr-2017,INF582M01CU7,No,2021-09-27,2026-09-25,1231,24.07,Active
120656,UTI - Large Cap Fund,UTI Large Cap Fund - Direct Plan - Growth Option,UTI Mutual Fund,Equity,Large Cap,Equity Scheme - Large Cap Fund,01-Feb-2003,INF789F01US8,No,2021-09-27,2026-09-25,1232,283.7877,Active
150797,WhiteOak Capital Large Cap Fund,WhiteOak Capital Large Cap Fund Direct Plan Growth,WhiteOak Capital Mutual Fund,Equity,Large Cap,Equity Schemes - Large Cap Fund,10-Nov-2022,INF03VN01696,No,2022-12-02,2026-09-25,940,15.391,Active
119620,Aditya Birla Sun Life Midcap Fund,Aditya Birla Sun Life Midcap Fund - Growth - Direct Plan,Aditya Birla Sun Life Mutual Fund,Equity,Mid Cap,Equity Scheme - Mid Cap Fund,09-Sep-2002,INF209K01Q30,No,2021-09-27,2026-09-25,1232,933.39,Active
120505,Axis Midcap Fund,Axis Midcap Fund - Direct Plan - Growth,Axis Mutual Fund,Equity,Mid Cap,Equity Scheme - Mid Cap Fund,31-Jan-2011,INF846K01EH3,No,2021-09-27,2026-09-25,1240,140.8,Active
150404,BANDHAN MID CAP FUND,BANDHAN MID CAP FUND - GROWTH - DIRECT PLAN,Bandhan Mutual Fund,Equity,Mid Cap,Equity Schemes - Mid Cap Fund,28-Jul-2022,INF194KB1DJ2,No,2022-08-19,2026-09-25,1019,20.246,Active
153728,BANK OF INDIA MID CAP FUND,Bank of India Mid Cap Fund - Direct Plan Growth,Bank of India Mutual Fund,Equity,Mid Cap,Equity Schemes - Mid Cap Fund,31-Jul-2025,INF761K01GY4,No,2025-08-25,2026-09-25,268,10.51,Active
150212,Baroda BNP Paribas Mid Cap Fund,BARODA BNP PARIBAS Mid Cap Fund - Direct Plan - Growth Option,Baroda BNP Paribas Mutual Fund,Equity,Mid Cap,Equity Scheme - Mid Cap Fund,13-Mar-2006,INF251K01HQ0,No,2022-03-14,2026-09-25,1118,131.6046,Active
150817,Canara Robeco Mid Cap Fund,Canara Robeco Mid Cap Fund- Direct Plan- Growth Option,Canara Robeco Mutual Fund,Equity,Mid Cap,Equity Schemes - Mid Cap Fund,11-Nov-2022,INF760K01KI1,No,2022-12-06,2026-09-25,938,19.18,Active
119071,DSP Midcap Fund,DSP Midcap Fund - Direct Plan - Growth,DSP Mutual Fund,Equity,Mid Cap,Equity Scheme - Mid Cap Fund,29-Sep-2006,INF740K01PX1,No,2021-09-27,2026-09-25,1232,170.211,Active
140228,Edelweiss Mid Cap Fund,Edelweiss Mid Cap Fund - Direct Plan - Growth Option,Edelweiss Mutual Fund,Equity,Mid Cap,Equity Scheme - Mid Cap Fund,09-Nov-2007,INF843K01AO4,Yes,2021-09-27,2026-09-25,1233,125.971,Active
118533,Franklin India Mid Cap Fund,Franklin India Mid Cap Fund - Direct - Growth,Franklin Templeton Mutual Fund,Equity,Mid Cap,Equity Scheme - Mid Cap Fund,01-Dec-1993,INF090I01FH9,No,2021-09-27,2026-09-25,1232,3102.4477,Active
118989,HDFC Mid Cap Fund,HDFC Mid Cap Fund - Growth Option - Direct Plan,HDFC Mutual Fund,Equity,Mid Cap,Equity Scheme - Mid Cap Fund,07-May-2007,INF179K01XQ0,Yes,2021-09-27,2026-09-25,1232,226.38,Active
153326,Helios Mid Cap Fund,Helios Mid Cap Fund - Direct Plan - Growth Option,Helios Mutual Fund,Equity,Mid Cap,Equity Schemes - Mid Cap Fund,20-Feb-2025,INF0R8701327,No,2025-03-17,2026-09-25,378,14.07,Active
151036,HSBC Midcap Fund,HSBC Midcap Fund - Direct Growth,HSBC Mutual Fund,Equity,Mid Cap,Equity Schemes - Mid Cap Fund,24-Jun-2004,INF917K01FZ1,No,2022-11-28,2026-09-25,944,527.4107,Active
120381,ICICI Prudential Mid Cap Fund,ICICI Prudential Mid Cap Fund - Direct Plan -  Growth,ICICI Prudential Mutual Fund,Equity,Mid Cap,Equity Schemes - Mid Cap Fund,06-Sep-2004,INF109K011N7,No,2021-09-27,2026-09-25,1232,379.81,Active
120403,Invesco India Mid Cap Fund,Invesco India Mid Cap Fund - Direct Plan - Growth Option,Invesco Mutual Fund,Equity,Mid Cap,Equity Schemes - Mid Cap Fund,15-Feb-2007,INF205K01MV6,Yes,2021-09-27,2026-09-25,1232,237.39,Active
148733,ITI Mid Cap Fund,ITI Mid Cap Fund - Direct Plan - Growth Option,ITI Mutual Fund,Equity,Mid Cap,Equity Scheme - Mid Cap Fund,15-Feb-2021,INF00XX01929,No,2021-09-27,2026-09-25,1231,25.3608,Active
150815,JM Mid Cap Fund,JM Mid Cap Fund (Direct) - Growth,JM Financial Mutual Fund,Equity,Mid Cap,Equity Schemes - Mid Cap Fund,31-Oct-2022,INF192K01MV6,No,2022-11-25,2026-09-25,945,22.3517,Active
119775,Kotak Mid Cap Fund,Kotak Mid Cap Fund - Direct Plan - Growth,Kotak Mahindra Mutual Fund,Equity,Mid Cap,Equity Schemes - Mid Cap Fund,12-Feb-2007,INF174K01LT0,No,2021-09-27,2026-09-25,1232,166.431,Active
152002,LIC MF Mid Cap Fund,LIC MF Mid Cap Fund-Direct Plan-Growth,LIC Mutual Fund,Equity,Mid Cap,Equity Scheme - Mid Cap Fund,05-Jan-2017,INF397L01JK8,No,2023-07-31,2026-09-25,777,34.3368,Active
142110,Mahindra Manulife Mid Cap Fund,Mahindra Manulife Mid Cap Fund - Direct Plan -Growth,Mahindra Manulife Mutual Fund,Equity,Mid Cap,Equity Schemes - Mid Cap Fund,08-Jan-2018,INF174V01507,Yes,2021-09-27,2026-09-25,1232,40.4248,Active
147445,Mirae Asset Midcap Fund,Mirae Asset Midcap Fund - Direct Plan - Growth,Mirae Asset Mutual Fund,Equity,Mid Cap,Equity Schemes - Mid Cap Fund,08-Jul-2019,INF769K01FA9,No,2021-09-27,2026-09-25,1232,42.859,Active
127042,Motilal Oswal Midcap Fund,Motilal Oswal Midcap Fund-Direct Plan-Growth Option,Motilal Oswal Mutual Fund,Equity,Mid Cap,Equity Scheme - Mid Cap Fund,03-Feb-2014,INF247L01445,Yes,2021-09-27,2026-09-25,1232,116.6964,Active
118668,Nippon India Growth Mid Cap Fund,Nippon India Growth Mid Cap Fund - Direct Plan Growth Plan - Growth Option,Nippon India Mutual Fund,Equity,Mid Cap,Equity Scheme - Mid Cap Fund,25-Sep-1995,INF204K01E54,Yes,2021-09-27,2026-09-25,1232,4886.5799,Active
125307,PGIM India Midcap Fund,PGIM India Midcap Fund - Direct Plan - Growth Option,PGIM India Mutual Fund,Equity,Mid Cap,Equity Scheme - Mid Cap Fund,11-Nov-2013,INF663L01DV3,No,2021-09-27,2026-09-25,1232,76.51,Active
120841,Quant Mid Cap Fund,quant Mid Cap Fund - Growth Option - Direct Plan,quant Mutual Fund,Equity,Mid Cap,Equity Scheme - Mid Cap Fund,12-Feb-2001,INF966L01887,Yes,2021-09-27,2026-09-25,1232,245.0693,Active
119716,SBI MIDCAP FUND,SBI MIDCAP FUND - DIRECT PLAN - GROWTH,SBI Mutual Fund,Equity,Mid Cap,Equity Scheme - Mid Cap Fund,21-Feb-2005,INF200K01TP4,No,2021-09-27,2026-09-25,1241,267.8937,Active
119581,Sundaram Mid Cap Fund,Sundaram Mid Cap Fund Direct Plan - Growth,Sundaram Mutual Fund,Equity,Mid Cap,Equity Scheme - Mid Cap Fund,24-Jun-2002,INF903J01MJ3,Yes,2021-09-27,2026-09-25,1231,1600.9876,Active
119178,Tata Mid Cap Fund,Tata Mid Cap Fund - Direct Plan- Growth Option,Tata Mutual Fund,Equity,Mid Cap,Equity Scheme - Mid Cap Fund,15-Jun-1994,INF277K01PY2,Yes,2021-09-27,2026-09-25,1232,518.9224,Active
118872,Taurus Mid Cap Fund,Taurus Mid Cap Fund - Direct Plan - Growth,Taurus Mutual Fund,Equity,Mid Cap,Equity Scheme - Mid Cap Fund,05-Sep-1994,INF044D01CA9,No,2021-09-27,2026-09-25,1229,136.26,Active
154481,The Wealth Company Mid Cap Fund,The Wealth Company Mid Cap Fund- Direct-Growth,The Wealth Company Mutual Fund,Equity,Mid Cap,Equity Schemes - Mid Cap Fund,15-Jul-2026,INF2F0001651,No,2026-08-06,2026-09-25,36,9.723,Active
154210,TRUSTMF MID CAP FUND,TRUSTMF MID CAP FUND -DIRECT -GROWTH,Trust Mutual Fund,Equity,Mid Cap,Equity Scheme - Mid Cap Fund,27-Feb-2026,INF0GCD01875,No,2026-03-24,2026-09-25,127,12.06,Active
148073,Union Midcap Fund,Union Midcap Fund - Direct Plan - Growth Option,Union Mutual Fund,Equity,Mid Cap,Equity Scheme - Mid Cap Fund,02-Mar-2020,INF582M01GI3,No,2021-09-27,2026-09-25,1231,56.25,Active
120726,UTI - Mid Cap Fund,UTI Mid Cap Fund-Growth Option- Direct,UTI Mutual Fund,Equity,Mid Cap,Equity Scheme - Mid Cap Fund,02-Jan-2003,INF789F01UA6,No,2021-09-27,2026-09-25,1232,345.1388,Active
150584,WhiteOak Capital Mid Cap Fund,WhiteOak Capital Mid Cap Fund Direct Plan Growth,WhiteOak Capital Mutual Fund,Equity,Mid Cap,Equity Schemes - Mid Cap Fund,16-Aug-2022,INF03VN01597,No,2022-09-08,2026-09-25,997,22.979,Active
148921,Aditya Birla Sun Life Multi-Cap Fund,Aditya Birla Sun Life Multi-Cap Fund-Direct Growth,Aditya Birla Sun Life Mutual Fund,Equity,Multi Cap,Equity Scheme - Multi Cap Fund,19-Apr-2021,INF209KB1Y49,No,2021-09-27,2026-09-25,1232,22.7,Active
149383,Axis Multicap Fund,Axis Multicap Fund - Direct Growth,Axis Mutual Fund,Equity,Multi Cap,Equity Schemes - Multi Cap Fund,26-Nov-2021,INF846K013E0,No,2021-12-23,2026-09-25,1181,20.78,Active
153309,Bajaj Finserv Multi Cap Fund,BAJAJ FINSERV MULTI CAP FUND - DIRECT - GROWTH,Bajaj Finserv Mutual Fund,Equity,Multi Cap,Equity Scheme - Multi Cap Fund,06-Feb-2025,INF0QA701AV7,No,2025-03-03,2026-09-25,387,12.376,Active
149303,BANDHAN MULTI CAP FUND,BANDHAN MULTI CAP FUND - GROWTH - DIRECT PLAN,Bandhan Mutual Fund,Equity,Multi Cap,Equity Scheme - Multi Cap Fund,12-Nov-2021,INF194KB1CL0,No,2021-12-03,2026-09-25,1196,18.429,Active
151443,BANK OF INDIA MULTI CAP FUND,Bank of India Multi Cap Fund Direct Plan - Growth,Bank of India Mutual Fund,Equity,Multi Cap,Equity Scheme - Multi Cap Fund,10-Feb-2023,INF761K01FR0,No,2023-03-06,2026-09-25,875,20.56,Active
119354,Baroda BNP Paribas Multi Cap Fund,Baroda BNP Paribas MULTI CAP FUND - Direct Plan - Growth Option,Baroda BNP Paribas Mutual Fund,Equity,Multi Cap,Equity Scheme - Multi Cap Fund,14-Aug-2003,INF955L01AG0,No,2021-09-27,2026-09-25,1233,328.3959,Active
151824,Canara Robeco Multi Cap Fund,Canara Robeco Multi Cap Fund - Direct Plan - Growth Option,Canara Robeco Mutual Fund,Equity,Multi Cap,Equity Schemes - Multi Cap Fund,07-Jul-2023,INF760K01KO9,No,2023-08-02,2026-09-25,775,15.25,Active
152310,DSP Multi Cap Fund,DSP Multi Cap Fund - Direct - Growth,DSP Mutual Fund,Equity,Multi Cap,Equity Schemes - Multi Cap Fund,08-Jan-2024,INF740KA1UC1,No,2024-01-31,2026-09-25,655,12.562,Active
152094,Edelweiss Multi Cap Fund,Edelweiss Multi Cap Fund - Direct Plan - Growth,Edelweiss Mutual Fund,Equity,Multi Cap,Equity Scheme - Multi Cap Fund,04-Oct-2023,INF754K01SD8,No,2023-10-30,2026-09-25,718,16.1902,Active
152739,Franklin India Multi Cap Fund,Franklin India Multi Cap Fund - Direct - Growth,Franklin Templeton Mutual Fund,Equity,Multi Cap,Equity Scheme - Multi Cap Fund,08-Jul-2024,INF090I01XA7,No,2024-07-29,2026-09-25,534,11.2973,Active
153034,Groww Multicap Fund,Groww Multicap Fund - Direct - Growth,Groww Mutual Fund,Equity,Multi Cap,Equity Schemes - Multi Cap Fund,26-Nov-2024,INF666M01JD9,No,2024-12-18,2026-09-25,438,12.496,Active
149368,HDFC Multi Cap Fund,HDFC Multi Cap Fund - Growth Option - Direct Plan,HDFC Mutual Fund,Equity,Multi Cap,Equity Scheme - Multi Cap Fund,23-Nov-2021,INF179KC1BS5,No,2021-12-10,2026-09-25,1182,19.35,Active
151290,HSBC Multi Cap Fund,HSBC Multi Cap Fund - Direct - Growth,HSBC Mutual Fund,Equity,Multi Cap,Equity Schemes - Multi Cap Fund,10-Jan-2023,INF336L01QN5,No,2023-02-03,2026-09-25,896,21.0871,Active
120599,ICICI Prudential Multi Cap Fund,ICICI Prudential Multi Cap Fund - Direct Plan -  Growth,ICICI Prudential Mutual Fund,Equity,Multi Cap,Equity Schemes - Multi Cap Fund,01-Sep-1994,INF109K014O9,Yes,2021-09-27,2026-09-25,1232,948.12,Active
120413,Invesco India Multi Cap Fund,Invesco India Multi Cap Fund - Direct Plan - Growth Option,Invesco Mutual Fund,Equity,Multi Cap,Equity Schemes - Multi Cap Fund,07-Jan-2008,INF205K01MS2,Yes,2021-09-27,2026-09-25,1232,156.8,Active
147183,ITI Multi Cap Fund,ITI Multi Cap Fund - Direct Plan - Growth Option,ITI Mutual Fund,Equity,Multi Cap,Equity Scheme - Multi Cap Fund,25-Apr-2019,INF00XX01168,Yes,2021-09-27,2026-09-25,1231,29.9114,Active
149185,Kotak Multi Cap Fund,Kotak Multi Cap Fund-Direct Plan-Growth,Kotak Mahindra Mutual Fund,Equity,Multi Cap,Equity Schemes - Multi Cap Fund,08-Sep-2021,INF174KA1HV3,No,2021-10-06,2026-09-25,1225,21.569,Active
150659,LIC MF Multi Cap Fund,LIC MF Multi Cap Fund-Direct Plan-Growth,LIC Mutual Fund,Equity,Multi Cap,Equity Scheme - Multi Cap Fund,06-Oct-2022,INF767K01RK7,No,2022-11-02,2026-09-25,961,19.3553,Active
141226,Mahindra Manulife Multi Cap Fund,Mahindra Manulife Multi Cap Fund - Direct Plan -Growth,Mahindra Manulife Mutual Fund,Equity,Multi Cap,Equity Schemes - Multi Cap Fund,20-Apr-2017,INF174V01341,No,2021-09-27,2026-09-25,1232,46.0869,Active
151810,Mirae Asset Multicap Fund,Mirae Asset Multicap Fund - Direct Plan - Growth,Mirae Asset Mutual Fund,Equity,Multi Cap,Equity Schemes - Multi Cap Fund,28-Jul-2023,INF769K01KK8,No,2023-08-22,2026-09-25,762,15.173,Active
152651,Motilal Oswal Multi Cap Fund,Motilal Oswal Multi Cap Fund-Direct Plan Growth,Motilal Oswal Mutual Fund,Equity,Multi Cap,Equity Scheme - Multi Cap Fund,28-May-2024,INF247L01CL8,No,2024-06-21,2026-09-25,560,15.2565,Active
118650,Nippon India Multi Cap Fund,Nippon India Multi Cap Fund - Direct Plan Growth Plan - Growth Option,Nippon India Mutual Fund,Equity,Multi Cap,Equity Schemes - Multi Cap Fund,14-Feb-2005,INF204K01XF9,Yes,2021-09-27,2026-09-25,1232,326.1267,Active
152815,PGIM India Multi Cap Fund,PGIM India Multi Cap Fund - Direct Plan - Growth Option,PGIM India Mutual Fund,Equity,Multi Cap,Equity Scheme - Multi Cap Fund,22-Aug-2024,INF663L01Z03,No,2024-09-13,2026-09-25,502,10.96,Active
120823,Quant Multi Cap Fund,quant Multi Cap Fund-GROWTH OPTION-Direct Plan,quant Mutual Fund,Equity,Multi Cap,Equity Scheme - Multi Cap Fund,19-Feb-2001,INF966L01614,No,2021-09-27,2026-09-25,1232,727.798,Active
152847,Samco Multi Cap Fund,Samco Multi Cap Fund - Direct Plan - Growth,Samco Mutual Fund,Equity,Multi Cap,Equity Scheme - Multi Cap Fund,10-Oct-2024,INF0K1H01198,No,2024-11-06,2026-09-25,466,9.21,Active
149882,SBI MultiCap Fund,SBI Multicap Fund- Direct Plan- Growth option,SBI Mutual Fund,Equity,Multi Cap,Equity Scheme - Multi Cap Fund,14-Feb-2022,INF200KA18E2,No,2022-03-15,2026-09-25,1126,17.7642,Active
149669,Sundaram Multi Cap Fund (Formerly Known as Principal Multi Cap Growth Fund),Sundaram Multi Cap Fund (Formerly Known as Principal Multi Cap Growth Fund)-Direct Plan - Growth Option,Sundaram Mutual Fund,Equity,Multi Cap,Equity Scheme - Multi Cap Fund,03-Oct-2000,INF173K01FQ0,No,2022-01-03,2026-09-25,1166,432.5658,Active
151232,TATA MULTICAP FUND,Tata Multicap Fund - Direct Plan - Growth,Tata Mutual Fund,Equity,Multi Cap,Equity Scheme - Multi Cap Fund,16-Jan-2023,INF277KA1679,No,2023-02-09,2026-09-25,892,15.8489,Active
154663,The Wealth Company Multi Cap Fund,The Wealth Company Multi Cap Fund- Direct-Growth,The Wealth Company Mutual Fund,Equity,Multi Cap,Equity Schemes - Multi Cap Fund,27-Aug-2026,INF2F0001719,No,2026-09-21,2026-09-25,5,9.9463,Active
153644,TRUSTMF MULTI CAP FUND,TRUSTMF MULTI CAP FUND -DIRECT PLAN-GROWTH,Trust Mutual Fund,Equity,Multi Cap,Equity Scheme - Multi Cap Fund,30-Jun-2025,INF0GCD01834,No,2025-07-25,2026-09-25,289,11.96,Active
150858,Union Multicap Fund,Union Multicap Fund - Direct Plan - Growth Option,Union Mutual Fund,Equity,Multi Cap,Equity Scheme - Multi Cap Fund,28-Nov-2022,INF582M01IO7,No,2022-12-26,2026-09-25,924,18.13,Active
153515,UTI Multi Cap Fund,UTI Multi Cap Fund - Direct Plan - Growth Option,UTI Mutual Fund,Equity,Multi Cap,Equity Schemes - Multi Cap Fund,29-Apr-2025,INF789F1AB89,No,2025-05-20,2026-09-25,336,10.7224,Active
152071,WhiteOak Capital Multi Cap Fund,WhiteOak Capital Multi Cap Fund Direct Plan Growth,WhiteOak Capital Mutual Fund,Equity,Multi Cap,Equity Schemes - Multi Cap Fund,31-Aug-2023,INF03VN01803,No,2023-09-25,2026-09-25,739,16.604,Active
149318,360 ONE QUANT FUND,360 ONE QUANT FUND DIRECT GROWTH,360 ONE Mutual Fund,Equity,Sectoral/Thematic,Equity Schemes - Thematic Fund,08-Nov-2021,INF579M01AI2,No,2021-11-30,2026-09-25,1190,19.6821,Active
125597,Aditya Birla Sun Life Banking and Financial Services Fund,Aditya Birla Sun Life Banking and Financial Services Fund - Direct Plan - Growth,Aditya Birla Sun Life Mutual Fund,Equity,Sectoral/Thematic,Equity Scheme - Sectoral/ Thematic,25-Nov-2013,INF209K014W1,No,2021-09-27,2026-09-25,1232,68.52,Active
149295,Aditya Birla Sun Life Business Cycle Fund,Aditya Birla Sun Life Business Cycle Fund-Direct Growth,Aditya Birla Sun Life Mutual Fund,Equity,Sectoral/Thematic,Equity Scheme - Sectoral/ Thematic,15-Nov-2021,INF209KB14D2,No,2021-12-08,2026-09-24,1183,16.97,Active
119576,Aditya Birla Sun Life Commodity Equities Fund - Global Agri Plan,Aditya Birla Sun Life Commodity Equities Fund - Global Agri Plan - Growth - Direct Plan,Aditya Birla Sun Life Mutual Fund,Equity,Sectoral/Thematic,Equity Scheme - Sectoral/ Thematic,15-Sep-2008,INF209K01VL0,No,2021-09-27,2023-07-28,455,37.3501,Inactive
153124,Aditya Birla Sun Life Conglomerate Fund,Aditya Birla Sun Life Conglomerate Fund-Direct Growth,Aditya Birla Sun Life Mutual Fund,Equity,Sectoral/Thematic,Equity Scheme - Sectoral/ Thematic,05-Dec-2024,INF209KC1373,No,2024-12-30,2026-09-25,431,10.85,Active
119591,Aditya Birla Sun Life Consumption Fund,Aditya Birla Sun Life Consumption Fund - Growth - Direct Plan,Aditya Birla Sun Life Mutual Fund,Equity,Sectoral/Thematic,Equity Scheme - Sectoral/ Thematic,14-Jun-2005,INF209K01WC7,Yes,2021-09-27,2026-09-25,1232,234.35,Active
120539,Aditya Birla Sun Life Digital India Fund,Aditya Birla Sun Life Digital India Fund - Growth - Direct Plan,Aditya Birla Sun Life Mutual Fund,Equity,Sectoral/Thematic,Equity Scheme - Sectoral/ Thematic,15-Dec-1999,INF209K01VF2,No,2021-09-27,2026-09-24,1230,173.11,Active
148637,Aditya Birla Sun Life ESG Integration Strategy Fund,Aditya Birla Sun Life ESG Integration Strategy Fund-Direct Plan-Growth,Aditya Birla Sun Life Mutual Fund,Equity,Sectoral/Thematic,Equity Scheme - Sectoral/ Thematic,04-Dec-2020,INF209KB1U76,No,2021-09-27,2026-09-25,1232,18.89,Active
119514,Aditya Birla Sun Life Infrastructure Fund,Aditya Birla Sun Life Infrastructure Fund - Growth - Direct Plan,Aditya Birla Sun Life Mutual Fund,Equity,Sectoral/Thematic,Equity Scheme - Sectoral/ Thematic,31-Jan-2006,INF209K01WH6,No,2021-09-27,2026-09-25,1232,120.84,Active
119517,Aditya Birla Sun Life International Equity Fund,Aditya Birla Sun Life International Equity Fund - Growth - Direct Plan,Aditya Birla Sun Life Mutual Fund,Equity,Sectoral/Thematic,Equity Scheme - Sectoral/ Thematic,17-Sep-2007,INF209K01WS3,No,2021-09-27,2026-09-24,1230,57.7341,Active
119518,Aditya Birla Sun Life International Equity Fund Plan B,Aditya Birla Sun Life International Equity Fund - Plan B - Growth - Direct Plan,Aditya Birla Sun Life Mutual Fund,Equity,Sectoral/Thematic,Equity Scheme - Sectoral/ Thematic,17-Sep-2007,INF209K01WU9,No,2021-09-27,2023-07-28,455,30.2806,Inactive
133516,Aditya Birla Sun Life Manufacturing Equity Fund,Aditya Birla Sun Life Manufacturing Equity Fund - Direct Plan - Growth,Aditya Birla Sun Life Mutual Fund,Equity,Sectoral/Thematic,Equity Scheme - Sectoral/ Thematic,13-Jan-2015,INF209KA1YK0,No,2021-09-27,2026-09-25,1232,44.4,Active
119646,Aditya Birla Sun Life MNC Fund,Aditya Birla Sun Life MNC Fund - Growth - Direct Plan,Aditya Birla Sun Life Mutual Fund,Equity,Sectoral/Thematic,Equity Scheme - Sectoral/ Thematic,16-Nov-1998,INF209K01VT3,No,2021-09-27,2026-09-24,1231,1416.74,Active
147409,Aditya Birla Sun Life Pharma and Healthcare Fund,Aditya Birla Sun Life Pharma and Healthcare Fund-Direct-Growth,Aditya Birla Sun Life Mutual Fund,Equity,Sectoral/Thematic,Equity Scheme - Sectoral/ Thematic,20-Jun-2019,INF209KB1O25,No,2021-09-27,2026-09-25,1232,40.74,Active
147844,Aditya Birla Sun Life PSU Equity Fund,Aditya Birla Sun Life PSU Equity Fund-Direct Plan-Growth,Aditya Birla Sun Life Mutual Fund,Equity,Sectoral/Thematic,Equity Scheme - Sectoral/ Thematic,09-Dec-2019,INF209KB1O82,No,2021-09-27,2026-09-25,1232,39.07,Active
152684,Aditya Birla Sun Life Quant Fund,Aditya Birla Sun Life Quant Fund - Direct Growth,Aditya Birla Sun Life Mutual Fund,Equity,Sectoral/Thematic,Equity Scheme - Sectoral/ Thematic,10-Jun-2024,INF209KC1118,No,2024-07-01,2026-09-25,554,10.34,Active
148539,Aditya Birla Sun Life Special Opportunities Fund,Aditya Birla Sun Life Special Opportunities Fund-Direct-Growth,Aditya Birla Sun Life Mutual Fund,Equity,Sectoral/Thematic,Equity Scheme - Sectoral/ Thematic,05-Oct-2020,INF209KB1T79,No,2021-09-27,2026-09-25,1232,30.72,Active
152158,Aditya Birla Sun Life Transportation and Logistics Fund,Aditya Birla Sun Life Transportation and Logistics Fund-Direct Growth,Aditya Birla Sun Life Mutual Fund,Equity,Sectoral/Thematic,Equity Scheme - Sectoral/ Thematic,27-Oct-2023,INF209KB15X7,No,2023-11-21,2026-09-25,702,17.94,Active
151368,Axis Business Cycles Fund,Axis Business Cycles Fund - Direct Plan - Growth,Axis Mutual Fund,Equity,Sectoral/Thematic,Equity Schemes - Thematic Fund,02-Feb-2023,INF846K016N4,No,2023-02-27,2026-09-25,888,17.76,Active
152805,Axis Consumption Fund,Axis Consumption Fund Direct Plan - Growth,Axis Mutual Fund,Equity,Sectoral/Thematic,Equity Schemes - Thematic Fund,23-Aug-2024,INF846K013X0,No,2024-09-18,2026-09-25,506,9.26,Active
147928,Axis ESG Integration Strategy Fund,Axis ESG Integration Strategy Fund - Direct Plan - Growth Option,Axis Mutual Fund,Equity,Sectoral/Thematic,Equity Scheme - Sectoral/ Thematic,22-Jan-2020,INF846K01W23,No,2021-09-27,2026-09-25,1239,22.08,Active
152202,Axis India Manufacturing Fund,Axis India Manufacturing Fund - Direct Plan - Growth,Axis Mutual Fund,Equity,Sectoral/Thematic,Equity Schemes - Thematic Fund,01-Dec-2023,INF846K016S3,No,2023-12-27,2026-09-25,686,16.79,Active
148634,Axis Innovation Fund,Axis Innovation Fund - Direct Plan - Growth Option,Axis Mutual Fund,Equity,Sectoral/Thematic,Equity Schemes - Thematic Fund,04-Dec-2020,INF846K01X71,No,2021-09-27,2026-09-24,1237,23.31,Active
153083,Axis Momentum Fund,Axis Momentum Fund - Direct Plan - Growth Option,Axis Mutual Fund,Equity,Sectoral/Thematic,Equity Schemes - Thematic Fund,22-Nov-2024,INF846K011Z9,No,2024-12-18,2026-09-25,444,9.07,Active
148993,Axis Quant Fund,Axis Quant Fund - Direct Plan - Growth,Axis Mutual Fund,Equity,Sectoral/Thematic,Equity Schemes - Thematic Fund,11-Jun-2021,INF846K01Z87,Yes,2021-09-27,2026-09-25,1240,16.68,Active
153624,Axis Services Opportunities Fund,Axis Services Opportunities Fund - Direct Plan - Growth Option,Axis Mutual Fund,Equity,Sectoral/Thematic,Equity Schemes - Thematic Fund,04-Jul-2025,INF846KA1168,No,2025-07-30,2026-09-25,290,9.65,Active
153937,Bajaj Finserv Banking and Financial Services Fund,Bajaj Finserv Banking and Financial Services Fund - Direct - Growth,Bajaj Finserv Mutual Fund,Equity,Sectoral/Thematic,Equity Scheme - Sectoral/ Thematic,10-Nov-2025,INF0QA701BZ6,No,2025-12-03,2026-09-25,202,9.629,Active
153075,Bajaj Finserv Consumption Fund,BAJAJ FINSERV CONSUMPTION FUND - DIRECT - GROWTH,Bajaj Finserv Mutual Fund,Equity,Sectoral/Thematic,Equity Scheme - Sectoral/ Thematic,08-Nov-2024,INF0QA701946,No,2024-12-03,2026-09-25,449,9.411,Active
153157,Bajaj Finserv Healthcare Fund,BAJAJ FINSERV HEALTHCARE FUND - DIRECT - GROWTH,Bajaj Finserv Mutual Fund,Equity,Sectoral/Thematic,Equity Scheme - Sectoral/ Thematic,06-Dec-2024,INF0QA701AB9,No,2024-12-30,2026-09-25,431,12.153,Active
152878,Bandhan Business Cycle Fund,Bandhan Business Cycle Fund - Direct Plan - Growth,Bandhan Mutual Fund,Equity,Sectoral/Thematic,Equity Schemes - Thematic Fund,10-Sep-2024,INF194KB1IQ6,No,2024-10-01,2026-09-25,497,9.843,Active
151816,BANDHAN FINANCIAL SERVICES FUND,BANDHAN FINANCIAL SERVICES FUND - DIRECT PLAN - GROWTH,Bandhan Mutual Fund,Equity,Sectoral/Thematic,Equity Schemes - Sectoral Fund,10-Jul-2023,INF194KB1GB2,No,2023-07-31,2026-09-25,786,15.31,Active
153972,Bandhan Healthcare Fund,Bandhan Healthcare Fund - Direct Plan - Growth,Bandhan Mutual Fund,Equity,Sectoral/Thematic,Equity Schemes - Sectoral Fund,10-Nov-2025,INF194KB1KF5,No,2025-12-02,2026-09-25,206,11.456,Active
118469,BANDHAN Infrastructure Fund,BANDHAN Infrastructure Fund-Direct Plan-Growth,Bandhan Mutual Fund,Equity,Sectoral/Thematic,Equity Schemes - Sectoral Fund,07-Feb-2011,INF194K01X46,No,2021-09-27,2026-09-25,1241,56.924,Active
152607,BANDHAN INNOVATION FUND,Bandhan Innovation Fund - Direct Plan - Growth,Bandhan Mutual Fund,Equity,Sectoral/Thematic,Equity Schemes - Thematic Fund,10-Apr-2024,INF194KB1IE2,No,2024-05-02,2026-09-25,603,15.995,Active
153722,Bandhan Multi-Factor Fund,Bandhan Multi-Factor Fund - Direct Plan - Growth,Bandhan Mutual Fund,Equity,Sectoral/Thematic,Equity Schemes - Thematic Fund,10-Jul-2025,INF194KB1JX0,No,2025-08-01,2026-09-25,288,9.528,Active
150716,BANDHAN TRANSPORTATION AND LOGISTICS FUND,BANDHAN TRANSPORTATION AND LOGISTICS FUND - GROWTH - DIRECT PLAN,Bandhan Mutual Fund,Equity,Sectoral/Thematic,Equity Schemes - Sectoral Fund,04-Oct-2022,INF194KB1EB7,No,2022-10-27,2026-09-25,974,21.382,Active
154093,Bank of India Banking & Financial Services Fund,Bank of India Banking & Financial Services Fund - Direct Plan - Growth,Bank of India Mutual Fund,Equity,Sectoral/Thematic,Equity Scheme - Sectoral/ Thematic,08-Jan-2026,INF761K01HE4,No,2026-02-02,2026-09-25,162,9.4,Active
152789,Bank of India Business Cycle Fund,Bank of India Business Cycle Fund - Direct Plan - Growth,Bank of India Mutual Fund,Equity,Sectoral/Thematic,Equity Scheme - Sectoral/ Thematic,09-Aug-2024,INF761K01GF3,No,2024-09-02,2026-09-25,511,9.85,Active
153139,Bank of India Consumption Fund,Bank of India Consumption Fund - Direct - Growth,Bank of India Mutual Fund,Equity,Sectoral/Thematic,Equity Scheme - Sectoral/ Thematic,29-Nov-2024,INF761K01GI7,No,2024-12-23,2026-09-25,435,11.14,Active
119364,BANK OF INDIA MANUFACTURING & INFRASTRUCTURE FUND,BANK OF INDIA Manufacturing & Infrastructure Fund-Direct Plan-Growth,Bank of India Mutual Fund,Equity,Sectoral/Thematic,Equity Scheme - Sectoral/ Thematic,20-Jan-2010,INF761K01702,Yes,2021-09-27,2026-09-25,1232,79.86,Active
119333,Baroda BNP Paribas Banking and Financial Services Fund,Baroda BNP Paribas Banking and Financial Services Fund - Direct - Growth Option,Baroda BNP Paribas Mutual Fund,Equity,Sectoral/Thematic,Equity Scheme - Sectoral/ Thematic,01-Jun-2012,INF955L01971,No,2021-09-27,2026-09-25,1233,54.562,Active
153847,Baroda BNP Paribas Business Conglomerates Fund,Baroda BNP Paribas Business Conglomerates Fund Direct Growth Option,Baroda BNP Paribas Mutual Fund,Equity,Sectoral/Thematic,Equity Scheme - Sectoral/ Thematic,02-Sep-2025,INF251K01VJ6,No,2025-09-25,2026-09-25,246,9.9021,Active
149141,Baroda BNP Paribas Business Cycle Fund,Baroda BNP Paribas Business Cycle Fund - Direct Plan - Growth,Baroda BNP Paribas Mutual Fund,Equity,Sectoral/Thematic,Equity Scheme - Sectoral/ Thematic,24-Aug-2021,INF955L01KK1,No,2021-09-27,2026-09-25,1233,16.9511,Active
153225,Baroda BNP Paribas Energy Opportunities Fund,Baroda BNP Paribas Energy Opportunities Fund - Direct Plan - Growth Option,Baroda BNP Paribas Mutual Fund,Equity,Sectoral/Thematic,Equity Scheme - Sectoral/ Thematic,21-Jan-2025,INF251K01UJ8,No,2025-02-12,2026-09-25,399,11.5949,Active
154195,Baroda BNP Paribas ESG Best-in-Class Strategy Fund,Baroda BNP Paribas Best-in-Class Strategy Fund - Direct - Growth Option,Baroda BNP Paribas Mutual Fund,Equity,Sectoral/Thematic,Equity Scheme - Sectoral/ Thematic,12-Feb-2026,INF251K01VP3,No,2026-03-06,2026-09-25,139,10.148,Active
153604,Baroda BNP Paribas Health and Wellness Fund,Baroda BNP Paribas Health and Wellness Fund Direct Growth,Baroda BNP Paribas Mutual Fund,Equity,Sectoral/Thematic,Equity Scheme - Sectoral/ Thematic,09-Jun-2025,INF251K01VA5,No,2025-07-01,2026-09-25,306,11.0002,Active
150266,Baroda BNP Paribas India Consumption Fund,BARODA BNP PARIBAS India Consumption Fund - Direct Plan - Growth Option,Baroda BNP Paribas Mutual Fund,Equity,Sectoral/Thematic,Equity Scheme - Sectoral/ Thematic,17-Aug-2018,INF251K01PT7,No,2022-03-14,2026-09-25,1118,33.6271,Active
152470,Baroda BNP Paribas Innovation Fund,Baroda BNP Paribas Innovation Fund Direct plan - Growth Option,Baroda BNP Paribas Mutual Fund,Equity,Sectoral/Thematic,Equity Scheme - Sectoral/ Thematic,14-Feb-2024,INF251K01TE1,No,2024-03-07,2026-09-25,629,14.0273,Active
152697,Baroda BNP Paribas Manufacturing Fund,Baroda BNP Paribas Manufacturing Fund - Direct Plan - Growth Option,Baroda BNP Paribas Mutual Fund,Equity,Sectoral/Thematic,Equity Scheme - Sectoral/ Thematic,10-Jun-2024,INF251K01TP7,No,2024-07-03,2026-09-25,552,11.1711,Active
154490,Baroda BNP Paribas Services Fund,Baroda BNP Paribas Services Fund - Direct Growth Option,Baroda BNP Paribas Mutual Fund,Equity,Sectoral/Thematic,Equity Schemes - Thematic Fund,14-Jul-2026,INF251K01VY5,No,2026-08-05,2026-09-25,37,9.5186,Active
154250,Canara Robeco Banking and Financial Services Fund,Canara Robeco Banking and Financials Services Fund - Direct Plan - Growth,Canara Robeco Mutual Fund,Equity,Sectoral/Thematic,Equity Schemes - Sectoral Fund,27-Feb-2026,INF760K01LN9,No,2026-03-23,2026-09-25,128,10.63,Active
118273,Canara Robeco Consumption Fund,CANARA ROBECO CONSUMPTION FUND - DIRECT PLAN - GROWTH OPTION,Canara Robeco Mutual Fund,Equity,Sectoral/Thematic,Equity Schemes - Thematic Fund,20-Jul-2009,INF760K01DU1,No,2021-09-27,2026-09-25,1232,122.29,Active
118267,Canara Robeco Infrastructure Fund,CANARA ROBECO INFRASTRUCTURE FUND - DIRECT PLAN - GROWTH OPTION,Canara Robeco Mutual Fund,Equity,Sectoral/Thematic,Equity Schemes - Thematic Fund,11-Oct-2005,INF760K01FO9,Yes,2021-09-27,2026-09-25,1232,186.02,Active
152450,Canara Robeco Manufacturing Fund,Canara Robeco Manufacturing Fund - Direct Plan - Growth Option,Canara Robeco Mutual Fund,Equity,Sectoral/Thematic,Equity Schemes - Thematic Fund,16-Feb-2024,INF760K01KZ5,No,2024-03-15,2026-09-25,624,14.52,Active
152206,DSP Banking & Financial Services Fund,DSP Banking & Financial Services Fund - Direct - Growth,DSP Mutual Fund,Equity,Sectoral/Thematic,Equity Schemes - Sectoral Fund,20-Nov-2023,INF740KA1TQ3,No,2023-12-11,2026-09-25,689,14.887,Active
153121,DSP Business Cycle Fund,DSP Business Cycle Fund - Direct - Growth,DSP Mutual Fund,Equity,Sectoral/Thematic,Equity Schemes - Thematic Fund,27-Nov-2024,INF740KA1UX7,No,2024-12-18,2026-09-25,438,10.287,Active
145454,DSP Healthcare Fund,DSP Healthcare Fund - Direct Plan - Growth,DSP Mutual Fund,Equity,Sectoral/Thematic,Equity Schemes - Sectoral Fund,12-Nov-2018,INF740KA1LG1,No,2021-09-27,2026-09-24,1206,51.365,Active
119247,DSP India T.I.G.E.R. Fund,DSP India T.I.G.E.R. Fund - Direct Plan - Growth,DSP Mutual Fund,Equity,Sectoral/Thematic,Equity Schemes - Thematic Fund,27-Apr-2004,INF740K01PU7,No,2021-09-27,2026-09-25,1232,391.868,Active
119028,DSP Natural Resources And New Energy Fund,DSP Natural Resources and New Energy Fund - Direct Plan - Growth,DSP Mutual Fund,Equity,Sectoral/Thematic,Equity Schemes - Thematic Fund,03-Mar-2008,INF740K01QA7,Yes,2021-09-27,2026-09-24,1195,121.055,Active
147306,DSP Quant Fund,DSP Quant Fund - Direct Plan - Growth,DSP Mutual Fund,Equity,Sectoral/Thematic,Equity Schemes - Thematic Fund,20-May-2019,INF740KA1NQ6,No,2021-09-27,2026-09-25,1232,21.9,Active
152710,Edelweiss Business Cycle Fund,Edelweiss Business Cycle Fund - Direct Plan - Growth,Edelweiss Mutual Fund,Equity,Sectoral/Thematic,Equity Scheme - Sectoral/ Thematic,09-Jul-2024,INF754K01TA2,No,2024-07-31,2026-09-25,533,9.3232,Active
153214,Edelweiss Consumption Fund,Edelweiss Consumption Fund - Direct - Growth,Edelweiss Mutual Fund,Equity,Sectoral/Thematic,Equity Scheme - Sectoral/ Thematic,31-Jan-2025,INF754K01TY2,No,2025-02-24,2026-09-25,391,11.1053,Active
154108,Edelweiss Financial Services Fund,Edelweiss Financial Services Fund - Direct Plan - Growth Option,Edelweiss Mutual Fund,Equity,Sectoral/Thematic,Equity Scheme - Sectoral/ Thematic,27-Jan-2026,INF754K01WH1,No,2026-02-18,2026-09-25,150,9.1625,Active
142388,Edelweiss Recently Listed IPO Fund,Edelweiss Recently Listed IPO Fund Direct Plan Growth,Edelweiss Mutual Fund,Equity,Sectoral/Thematic,Equity Scheme - Sectoral/ Thematic,02-Feb-2018,INF754K01ML4,No,2021-09-27,2026-09-25,1233,35.6635,Active
152437,Edelweiss Technology Fund,Edelweiss Technology Fund - Direct Plan - Growth,Edelweiss Mutual Fund,Equity,Sectoral/Thematic,Equity Scheme - Sectoral/ Thematic,14-Feb-2024,INF754K01SK3,No,2024-03-07,2026-09-24,627,12.9062,Active
118559,Franklin Asian Equity Fund,Franklin Asian Equity Fund - Direct - Growth,Franklin Templeton Mutual Fund,Equity,Sectoral/Thematic,Equity Scheme - Sectoral/ Thematic,19-Nov-2007,INF090I01IZ5,No,2021-09-27,2026-09-25,1231,50.3117,Active
118557,Franklin Build India Fund,Franklin Build India Fund - Direct - Growth,Franklin Templeton Mutual Fund,Equity,Sectoral/Thematic,Equity Scheme - Sectoral/ Thematic,10-Jul-2009,INF090I01JF5,No,2021-09-27,2026-09-25,1232,161.5305,Active
153942,Franklin India Multi-Factor Fund,Franklin India Multi-Factor Fund- Direct- Growth,Franklin Templeton Mutual Fund,Equity,Sectoral/Thematic,Equity Scheme - Sectoral/ Thematic,10-Nov-2025,INF090I01YQ1,No,2025-11-28,2026-09-25,204,9.2652,Active
118539,Franklin India Opportunities Fund,Franklin India Opportunities Fund - Direct - Growth,Franklin Templeton Mutual Fund,Equity,Sectoral/Thematic,Equity Scheme - Sectoral/ Thematic,21-Feb-2000,INF090I01GC8,No,2021-09-27,2026-09-24,1230,294.3201,Active
118537,Franklin India Technology Fund,Franklin India Technology Fund - Direct - Growth,Franklin Templeton Mutual Fund,Equity,Sectoral/Thematic,Equity Scheme - Sectoral/ Thematic,22-Aug-1998,INF090I01FE6,No,2021-09-27,2026-09-24,1229,507.2553,Active
152254,Groww Banking & Financial Services Fund,Groww Banking & Financial Services Fund - Direct Plan - Growth,Groww Mutual Fund,Equity,Sectoral/Thematic,Equity Schemes - Sectoral Fund,17-Jan-2024,INF666M01HS1,No,2024-02-07,2026-09-25,650,13.3016,Active
148986,HDFC Banking & Financial Services Fund,HDFC Banking & Financial Services Fund - Growth Option - Direct Plan,HDFC Mutual Fund,Equity,Sectoral/Thematic,Equity Scheme - Sectoral/ Thematic,11-Jun-2021,INF179KC1BG0,No,2021-09-27,2026-09-25,1232,18.528,Active
150805,HDFC Business Cycle Fund,HDFC Business Cycle Fund - Growth Option - Direct Plan,HDFC Mutual Fund,Equity,Sectoral/Thematic,Equity Scheme - Sectoral/ Thematic,11-Nov-2022,INF179KC1DY9,No,2022-11-30,2026-09-25,942,15.866,Active
151804,HDFC Consumption Fund,HDFC Consumption Fund - Growth Option - Direct Plan,HDFC Mutual Fund,Equity,Sectoral/Thematic,Equity Scheme - Sectoral/ Thematic,23-Jun-2023,INF179KC1GO3,No,2023-07-12,2026-09-25,790,14.017,Active
151750,HDFC Defence Fund,HDFC Defence Fund - Growth Option - Direct Plan,HDFC Mutual Fund,Equity,Sectoral/Thematic,Equity Schemes - Thematic Fund,19-May-2023,INF179KC1GI5,No,2023-06-02,2026-09-25,817,31.083,Active
141924,HDFC Housing Opportunities Fund,HDFC Housing Opportunities Fund  - Growth Option - Direct Plan,HDFC Mutual Fund,Equity,Sectoral/Thematic,Equity Scheme - Sectoral/ Thematic,16-Nov-2017,INF179KC1AU3,No,2021-09-27,2026-09-25,1232,22.836,Active
118979,HDFC Infrastructure Fund,HDFC Infrastructure Fund - Growth Option - Direct Plan,HDFC Mutual Fund,Equity,Sectoral/Thematic,Equity Scheme - Sectoral/ Thematic,08-Jan-2008,INF179K01WQ2,No,2021-09-27,2026-09-25,1232,51.565,Active
153620,HDFC INNOVATION FUND,HDFC INNOVATION FUND - DIRECT PLAN - GROWTH OPTION,HDFC Mutual Fund,Equity,Sectoral/Thematic,Equity Scheme - Sectoral/ Thematic,27-Jun-2025,INF179KC1JO7,No,2025-07-17,2026-09-25,294,11.914,Active
152600,HDFC Manufacturing Fund,HDFC Manufacturing fund - Growth Option - Direct Plan,HDFC Mutual Fund,Equity,Sectoral/Thematic,Equity Scheme - Sectoral/ Thematic,26-Apr-2024,INF179KC1II1,No,2024-05-16,2026-09-25,584,12.181,Active
151458,HDFC MNC Fund,HDFC MNC Fund - Growth Option - Direct Plan,HDFC Mutual Fund,Equity,Sectoral/Thematic,Equity Scheme - Sectoral/ Thematic,17-Feb-2023,INF179KC1FC0,No,2023-03-09,2026-09-25,873,14.467,Active
152082,HDFC Pharma and Healthcare Fund,HDFC Pharma and Healthcare Fund - Growth Option - Direct Plan,HDFC Mutual Fund,Equity,Sectoral/Thematic,Equity Scheme - Sectoral/ Thematic,14-Sep-2023,INF179KC1HO1,No,2023-10-04,2026-09-25,734,22.61,Active
152059,HDFC Technology Fund,HDFC Technology Fund - Growth Option - Direct Plan,HDFC Mutual Fund,Equity,Sectoral/Thematic,Equity Schemes - Thematic Fund,25-Aug-2023,INF179KC1HI3,No,2023-09-08,2026-09-25,749,11.583,Active
151901,HDFC Transportation and Logistics Fund,HDFC Transportation and Logistics Fund - Growth Option - Direct Plan,HDFC Mutual Fund,Equity,Sectoral/Thematic,Equity Scheme - Sectoral/ Thematic,28-Jul-2023,INF179KC1GU0,No,2023-08-17,2026-09-25,765,20.296,Active
152679,Helios Financial Services Fund,Helios Financial Services Fund - Direct Plan - Growth Option,Helios Mutual Fund,Equity,Sectoral/Thematic,Equity Schemes - Sectoral Fund,31-May-2024,INF0R8701202,No,2024-06-25,2026-09-25,558,11.61,Active
151142,HSBC Business Cycles Fund,HSBC Business Cycles Fund - Direct Growth,HSBC Mutual Fund,Equity,Sectoral/Thematic,Equity Schemes - Thematic Fund,30-Jul-2014,INF917K01RI2,Yes,2022-11-28,2026-09-25,944,48.2161,Active
152032,HSBC Consumption Fund,HSBC Consumption Fund - Direct Growth,HSBC Mutual Fund,Equity,Sectoral/Thematic,Equity Schemes - Thematic Fund,10-Aug-2023,INF336L01QZ9,No,2023-09-04,2026-09-25,753,15.8691,Active
153266,HSBC Financial Services fund,HSBC Financial Services Fund - Direct Growth,HSBC Mutual Fund,Equity,Sectoral/Thematic,Equity Schemes - Thematic Fund,06-Feb-2025,INF336L01RU8,No,2025-03-04,2026-09-25,386,12.3785,Active
152829,HSBC India Export Opportunities Fund,HSBC India Export Opportunities Fund - Direct Growth,HSBC Mutual Fund,Equity,Sectoral/Thematic,Equity Schemes - Thematic Fund,05-Sep-2024,INF336L01RO1,No,2024-09-30,2026-09-25,491,12.0268,Active
151040,HSBC Infrastructure Fund,HSBC Infrastructure Fund - Direct Growth,HSBC Mutual Fund,Equity,Sectoral/Thematic,Equity Schemes - Sectoral Fund,07-Aug-2007,INF917K01FW8,No,2022-11-28,2026-09-25,944,56.8019,Active
153684,ICICI Prudential Active Momentum Fund,ICICI Prudential Active Momentum Fund - Direct Plan - Growth,ICICI Prudential Mutual Fund,Equity,Sectoral/Thematic,Equity Scheme - Sectoral/ Thematic,08-Jul-2025,INF109K1A385,No,2025-07-28,2026-09-25,287,10.96,Active
120244,ICICI Prudential Banking & Financial Services Fund,ICICI Prudential Banking and Financial Services Fund - Direct Plan -  Growth,ICICI Prudential Mutual Fund,Equity,Sectoral/Thematic,Equity Scheme - Sectoral/ Thematic,09-Jul-2008,INF109K013J1,No,2021-09-27,2026-09-25,1232,145.07,Active
146951,ICICI Prudential Bharat Consumption Fund,ICICI Prudential Bharat Consumption Fund - Direct Plan - Growth Option,ICICI Prudential Mutual Fund,Equity,Sectoral/Thematic,Equity Scheme - Sectoral/ Thematic,26-Mar-2019,INF109KC1YD4,No,2021-09-27,2026-09-25,1232,26.49,Active
148651,ICICI Prudential Business Cycle Fund,ICICI Prudential Business Cycle Fund Direct Plan Growth,ICICI Prudential Mutual Fund,Equity,Sectoral/Thematic,Equity Scheme - Sectoral/ Thematic,29-Dec-2020,INF109KC1P24,No,2021-09-27,2026-09-24,1230,25.29,Active
147662,ICICI Prudential Commodities Fund,ICICI Prudential Commodities Fund - Direct Plan - Growth Option,ICICI Prudential Mutual Fund,Equity,Sectoral/Thematic,Equity Scheme - Sectoral/ Thematic,25-Sep-2019,INF109KC1F91,No,2021-09-27,2026-09-24,1231,51.2,Active
153867,ICICI Prudential Conglomerate Fund,ICICI Prudential Conglomerate Fund - Direct Plan - Growth,ICICI Prudential Mutual Fund,Equity,Sectoral/Thematic,Equity Scheme - Sectoral/ Thematic,03-Oct-2025,INF109K1A427,No,2025-10-27,2026-09-25,228,10.25,Active
152728,ICICI PRUDENTIAL ENERGY OPPORTUNITIES FUND,ICICI PRUDENTIAL ENERGY OPPORTUNITIES FUND - Direct Plan - Growth,ICICI Prudential Mutual Fund,Equity,Sectoral/Thematic,Equity Scheme - Sectoral/ Thematic,02-Jul-2024,INF109KC12W6,No,2024-07-23,2026-09-25,539,11.71,Active
153070,ICICI Prudential Equity Minimum Variance Fund,ICICI Prudential Equity Minimum Variance Fund - Direct Plan - Growth,ICICI Prudential Mutual Fund,Equity,Sectoral/Thematic,Equity Scheme - Sectoral/ Thematic,18-Nov-2024,INF109KC10Y6,No,2024-12-09,2026-09-25,445,10.4,Active
148516,ICICI Prudential ESG Exclusionary Strategy Fund,ICICI Prudential ESG Exclusionary Strategy Fund - Direct Plan - Growth,ICICI Prudential Mutual Fund,Equity,Sectoral/Thematic,Equity Scheme - Sectoral/ Thematic,21-Sep-2020,INF109KC1O09,No,2021-09-27,2026-09-25,1231,22.53,Active
120688,ICICI Prudential Exports & Services Fund,ICICI Prudential Exports & Services Fund - Direct Plan - Growth,ICICI Prudential Mutual Fund,Equity,Sectoral/Thematic,Equity Scheme - Sectoral/ Thematic,13-Oct-2005,INF109K01W25,No,2021-09-27,2026-09-25,1231,182.23,Active
120587,ICICI Prudential FMCG Fund,ICICI Prudential FMCG Fund - Direct Plan -  Growth,ICICI Prudential Mutual Fund,Equity,Sectoral/Thematic,Equity Scheme - Sectoral/ Thematic,04-Dec-2012,INF109K01Z14,No,2021-09-27,2026-09-25,1231,438.8,Active
150310,ICICI PRUDENTIAL HOUSING OPPORTUNITIES FUND,ICICI PRUDENTIAL HOUSING OPPORTUNITIES FUND - Direct Plan Growth,ICICI Prudential Mutual Fund,Equity,Sectoral/Thematic,Equity Scheme - Sectoral/ Thematic,28-Mar-2022,INF109KC10C2,No,2022-04-19,2026-09-25,1095,17.75,Active
120621,ICICI Prudential Infrastructure Fund,ICICI Prudential Infrastructure Fund - Direct Plan -  Growth,ICICI Prudential Mutual Fund,Equity,Sectoral/Thematic,Equity Scheme - Sectoral/ Thematic,18-Jul-2005,INF109K018M4,No,2021-09-27,2026-09-25,1232,217.47,Active
151580,ICICI Prudential Innovation Fund,ICICI Prudential Innovation Fund - Direct Plan - Growth,ICICI Prudential Mutual Fund,Equity,Sectoral/Thematic,Equity Scheme - Sectoral/ Thematic,10-Apr-2023,INF109KC12T2,No,2023-05-02,2026-09-25,839,19.93,Active
147346,ICICI Prudential MNC Fund,ICICI Prudential MNC Fund - Direct Plan - Growth Option,ICICI Prudential Mutual Fund,Equity,Sectoral/Thematic,Equity Scheme - Sectoral/ Thematic,28-May-2019,INF109KC1D93,No,2021-09-27,2026-09-24,1230,32.49,Active
150539,ICICI PRUDENTIAL PSU EQUITY FUND,ICICI Prudential PSU Equity Fund - Direct Plan - Growth,ICICI Prudential Mutual Fund,Equity,Sectoral/Thematic,Equity Scheme - Sectoral/ Thematic,23-Aug-2022,INF109KC12I5,No,2022-09-13,2026-09-25,994,22.74,Active
153458,ICICI Prudential Quality Fund,ICICI Prudential Quality Fund - Direct Plan - Growth,ICICI Prudential Mutual Fund,Equity,Sectoral/Thematic,Equity Scheme - Sectoral/ Thematic,06-May-2025,INF109K1A187,No,2025-05-26,2026-09-25,332,10.66,Active
148600,ICICI Prudential QUANT FUND,ICICI Prudential Quant Fund Direct Plan Growth,ICICI Prudential Mutual Fund,Equity,Sectoral/Thematic,Equity Scheme - Sectoral/ Thematic,23-Nov-2020,INF109KC1O66,No,2021-09-27,2026-09-25,1232,23.44,Active
153184,ICICI Prudential Rural Opportunities Fund,ICICI Prudential Rural Opportunities Fund - Direct Plan - Growth,ICICI Prudential Mutual Fund,Equity,Sectoral/Thematic,Equity Scheme - Sectoral/ Thematic,09-Jan-2025,INF109KC12Z9,No,2025-01-29,2026-09-25,409,10.82,Active
120594,ICICI Prudential Technology Fund,ICICI Prudential Technology Fund - Direct Plan -  Growth,ICICI Prudential Mutual Fund,Equity,Sectoral/Thematic,Equity Scheme - Sectoral/ Thematic,03-Feb-2009,INF109K01Z48,No,2021-09-27,2026-09-24,1230,194.12,Active
150685,ICICI PRUDENTIAL TRANSPORTATION AND LOGISTICS FUND,ICICI PRUDENTIAL TRANSPORTATION AND LOGISTICS FUND - Direct Plan - Growth,ICICI Prudential Mutual Fund,Equity,Sectoral/Thematic,Equity Scheme - Sectoral/ Thematic,06-Oct-2022,INF109KC12K1,No,2022-10-31,2026-09-25,963,23.09,Active
120186,ICICI Prudential US Bluechip Equity Fund,ICICI Prudential US Bluechip Equity Fund - Direct Plan -  Growth,ICICI Prudential Mutual Fund,Equity,Sectoral/Thematic,Equity Scheme - Sectoral/ Thematic,18-Jun-2012,INF109K01Z71,No,2021-09-27,2026-09-24,1187,88.25,Active
153291,Invesco India Business Cycle Fund,Invesco India Business Cycle Fund - Direct Plan - Growth,Invesco Mutual Fund,Equity,Sectoral/Thematic,Equity Schemes - Thematic Fund,06-Feb-2025,INF205KA1AI8,No,2025-03-03,2026-09-25,387,14.44,Active
153900,Invesco India Consumption Fund,Invesco India Consumption Fund - Direct Plan - Growth,Invesco Mutual Fund,Equity,Sectoral/Thematic,Equity Schemes - Thematic Fund,03-Oct-2025,INF205KA1BI6,No,2025-10-29,2026-09-25,226,11.17,Active
148751,Invesco India ESG Integration Strategy Fund,Invesco India ESG Integration Strategy Fund - Direct Plan - Growth,Invesco Mutual Fund,Equity,Sectoral/Thematic,Equity Schemes - Thematic Fund,26-Feb-2021,INF205KA1338,Yes,2021-09-27,2026-09-25,1232,18.18,Active
120385,Invesco India Financial Services Fund,Invesco India Financial Services Fund - Direct Plan - Growth,Invesco Mutual Fund,Equity,Sectoral/Thematic,Equity Schemes - Sectoral Fund,19-May-2008,INF205K01KY4,Yes,2021-09-27,2026-09-25,1232,170.64,Active
120405,Invesco India Infrastructure Fund,Invesco India Infrastructure Fund - Direct Plan - Growth Option,Invesco Mutual Fund,Equity,Sectoral/Thematic,Equity Schemes - Thematic Fund,25-Sep-2007,INF205K01MD4,Yes,2021-09-27,2026-09-25,1232,81.06,Active
152756,Invesco India Manufacturing Fund,Invesco India Manufacturing Fund - Direct Plan - Growth,Invesco Mutual Fund,Equity,Sectoral/Thematic,Equity Schemes - Thematic Fund,25-Jul-2024,INF205KA1908,No,2024-08-19,2026-09-25,521,12.23,Active
154547,Invesco India Pharma and Healthcare Fund,Invesco India Pharma and Healthcare Fund - Direct Plan - Growth,Invesco Mutual Fund,Equity,Sectoral/Thematic,Equity Schemes - Sectoral Fund,18-Aug-2026,INF205KA1BX5,No,2026-09-10,2026-09-25,11,9.96,Active
120395,Invesco India PSU Equity Fund,Invesco India PSU Equity Fund - Direct Plan - Growth,Invesco Mutual Fund,Equity,Sectoral/Thematic,Equity Schemes - Thematic Fund,29-Sep-2009,INF205K01NG5,Yes,2021-09-27,2026-09-25,1232,76.07,Active
152863,Invesco India Technology Fund,Invesco India Technology Fund - Direct Plan - Growth,Invesco Mutual Fund,Equity,Sectoral/Thematic,Equity Schemes - Sectoral Fund,03-Sep-2024,INF205KA1965,No,2024-09-25,2026-09-25,494,9.77,Active
149321,ITI Banking and Financial Services Fund,ITI Banking and Financial Services Fund - Direct Plan - Growth Option,ITI Mutual Fund,Equity,Sectoral/Thematic,Equity Scheme - Sectoral/ Thematic,15-Nov-2021,INF00XX01BU6,No,2021-12-08,2026-09-25,1183,16.9035,Active
153260,ITI Bharat Consumption Fund,ITI Bharat Consumption Fund - Direct Plan - Growth,ITI Mutual Fund,Equity,Sectoral/Thematic,Equity Scheme - Sectoral/ Thematic,06-Feb-2025,INF00XX01DG1,No,2025-03-05,2026-09-25,385,11.9844,Active
154157,ITI Business Cycle Fund,ITI Business Cycle Fund- Direct Plan- Growth,ITI Mutual Fund,Equity,Sectoral/Thematic,Equity Scheme - Sectoral/ Thematic,13-Feb-2026,INF00XX01DM9,No,2026-03-12,2026-09-25,135,10.8834,Active
149268,ITI Pharma and Healthcare Fund,ITI Pharma and Healthcare Fund - Direct Plan - Growth Option,ITI Mutual Fund,Equity,Sectoral/Thematic,Equity Scheme - Sectoral/ Thematic,18-Oct-2021,INF00XX01BO9,No,2021-11-11,2026-09-25,1201,20.0995,Active
154082,JioBlackRock Sector Rotation Fund,JioBlackRock Sector Rotation Fund - Direct Plan - Growth Option,Jio BlackRock Mutual Fund,Equity,Sectoral/Thematic,Equity Schemes - Thematic Fund,27-Jan-2026,INF22M001168,No,2026-02-19,2026-09-25,149,9.7251,Active
153753,Kotak Active Momentum Fund,Kotak Active Momentum Fund - Direct Plan - Growth option,Kotak Mahindra Mutual Fund,Equity,Sectoral/Thematic,Equity Scheme - Sectoral/ Thematic,29-Jul-2025,INF174KA1XA4,No,2025-08-28,2026-09-25,266,10.958,Active
151384,Kotak Banking and Financial Services Fund,Kotak Banking & Financial Services Fund - Direct Plan - Growth,Kotak Mahindra Mutual Fund,Equity,Sectoral/Thematic,Equity Scheme - Sectoral/ Thematic,06-Feb-2023,INF174KA1MD1,No,2023-03-06,2026-09-25,875,16.484,Active
150624,Kotak Business Cycle Fund,Kotak Business Cycle - Direct Plan - Growth,Kotak Mahindra Mutual Fund,Equity,Sectoral/Thematic,Equity Scheme - Sectoral/ Thematic,07-Sep-2022,INF174KA1JN6,No,2022-10-06,2026-09-25,978,18.312,Active
152169,Kotak Consumption Fund,Kotak Consumption Fund - Direct plan - Growth Option,Kotak Mahindra Mutual Fund,Equity,Sectoral/Thematic,Equity Scheme - Sectoral/ Thematic,25-Oct-2023,INF174KA1PP8,No,2023-11-22,2026-09-25,701,14.587,Active
153447,Kotak Energy Opportunities Fund,Kotak Energy Opportunities Fund-Direct-Growth,Kotak Mahindra Mutual Fund,Equity,Sectoral/Thematic,Equity Scheme - Sectoral/ Thematic,03-Apr-2025,INF174KA1VX0,No,2025-05-02,2026-09-25,348,10.697,Active
148606,Kotak ESG Exclusionary Strategy Fund,Kotak ESG Exclusionary Strategy Fund - Direct Plan - Growth Option,Kotak Mahindra Mutual Fund,Equity,Sectoral/Thematic,Equity Scheme - Sectoral/ Thematic,20-Nov-2020,INF174KA1FI4,No,2021-09-27,2026-09-25,1232,17.776,Active
152214,Kotak Healthcare Fund,Kotak Healthcare Fund - Direct Plan - Growth Option,Kotak Mahindra Mutual Fund,Equity,Sectoral/Thematic,Equity Scheme - Sectoral/ Thematic,20-Nov-2023,INF174KA1PZ7,No,2023-12-18,2026-09-25,684,18.026,Active
133801,Kotak Infrastructure and Economic Reform Fund,Kotak Infrastructure & Economic Reform Fund- Direct Plan- Growth Option,Kotak Mahindra Mutual Fund,Equity,Sectoral/Thematic,Equity Scheme - Sectoral/ Thematic,10-Jan-2008,INF178L01AL9,Yes,2021-09-27,2026-09-25,1232,83.842,Active
149841,Kotak Manufacture in India Fund,Kotak Manufacture in India Fund - Direct Plan Growth,Kotak Mahindra Mutual Fund,Equity,Sectoral/Thematic,Equity Scheme - Sectoral/ Thematic,01-Feb-2022,INF174KA1IF4,No,2022-03-02,2026-09-25,1126,24.017,Active
152910,Kotak MNC Fund,Kotak MNC Fund-Direct Plan-Growth,Kotak Mahindra Mutual Fund,Equity,Sectoral/Thematic,Equity Scheme - Sectoral/ Thematic,07-Oct-2024,INF174KA1TG9,No,2024-10-31,2026-09-25,469,12.754,Active
147727,Kotak Pioneer Fund,Kotak Pioneer Fund- Direct Plan- Growth Option,Kotak Mahindra Mutual Fund,Equity,Sectoral/Thematic,Equity Scheme - Sectoral/ Thematic,09-Oct-2019,INF174KA1EZ1,No,2021-09-27,2026-09-24,1227,39.64,Active
151881,Kotak Quant Fund,Kotak Quant Fund - Direct Plan - Growth Option,Kotak Mahindra Mutual Fund,Equity,Sectoral/Thematic,Equity Scheme - Sectoral/ Thematic,12-Jul-2023,INF174KA1OL0,No,2023-08-08,2026-09-25,771,15.099,Active
153970,Kotak Rural Opportunities Fund,Kotak Rural Opportunities Fund - Direct Plan - Growth,Kotak Mahindra Mutual Fund,Equity,Sectoral/Thematic,Equity Scheme - Sectoral/ Thematic,06-Nov-2025,INF174KA1XW8,No,2025-12-04,2026-09-25,201,9.478,Active
154149,Kotak Services Fund,Kotak Services Fund - Direct - Growth,Kotak Mahindra Mutual Fund,Equity,Sectoral/Thematic,Equity Scheme - Sectoral/ Thematic,04-Feb-2026,INF174KA1YV8,No,2026-03-02,2026-09-25,142,10.263,Active
152702,Kotak Special Opportunities Fund,Kotak Special Opportunities Fund - Direct Plan - Growth Option,Kotak Mahindra Mutual Fund,Equity,Sectoral/Thematic,Equity Scheme - Sectoral/ Thematic,10-Jun-2024,INF174KA1SF3,No,2024-07-05,2026-09-25,550,11.826,Active
152462,Kotak Technology Fund,Kotak Technology Fund - Direct Plan - Growth Option,Kotak Mahindra Mutual Fund,Equity,Sectoral/Thematic,Equity Scheme - Sectoral/ Thematic,12-Feb-2024,INF174KA1QZ5,No,2024-03-07,2026-09-24,628,10.458,Active
153118,Kotak Transportation & Logistics Fund,Kotak Transportation & Logistics Fund-Direct Growth,Kotak Mahindra Mutual Fund,Equity,Sectoral/Thematic,Equity Scheme - Sectoral/ Thematic,25-Nov-2024,INF174KA1TS4,No,2024-12-23,2026-09-25,435,12.531,Active
134017,LIC MF Banking and Financial Services Fund,LIC MF Banking and Financial Services Fund-Direct Plan-Growth,LIC Mutual Fund,Equity,Sectoral/Thematic,Equity Scheme - Sectoral/ Thematic,09-Mar-2015,INF767K01NK6,No,2021-09-27,2026-09-25,1232,23.5064,Active
153948,LIC MF Consumption Fund,LIC MF Consumption Fund-Direct Plan-Growth,LIC Mutual Fund,Equity,Sectoral/Thematic,Equity Scheme - Sectoral/ Thematic,31-Oct-2025,INF767K01SD0,No,2025-11-25,2026-09-25,208,9.6183,Active
152024,LIC MF Healthcare Fund,LIC MF Healthcare Fund-Direct Plan-Growth,LIC Mutual Fund,Equity,Sectoral/Thematic,Equity Scheme - Sectoral/ Thematic,08-Feb-2019,INF397L01LK4,No,2023-07-31,2026-09-25,777,38.0167,Active
120351,LIC MF Infrastructure Fund,LIC MF Infrastructure Fund-Direct Plan-Growth,LIC Mutual Fund,Equity,Sectoral/Thematic,Equity Scheme - Sectoral/ Thematic,31-Jan-2008,INF767K01GW5,Yes,2021-09-27,2026-09-25,1232,63.4064,Active
152920,LIC MF Manufacturing Fund,LIC MF Manufacturing Fund-Direct Plan-Growth,LIC Mutual Fund,Equity,Sectoral/Thematic,Equity Scheme - Sectoral/ Thematic,20-Sep-2024,INF767K01RR2,No,2024-10-16,2026-09-25,480,11.9429,Active
154244,LIC MF Technology Fund,LIC MF Technology Fund-Direct Plan-Growth,LIC Mutual Fund,Equity,Sectoral/Thematic,Equity Scheme - Sectoral/ Thematic,20-Feb-2026,INF767K01SJ7,No,2026-03-19,2026-09-25,130,10.9468,Active
152045,Mahindra Manulife Business Cycle Fund,Mahindra Manulife Business Cycle Fund - Direct Plan - Growth,Mahindra Manulife Mutual Fund,Equity,Sectoral/Thematic,Equity Schemes - Thematic Fund,21-Aug-2023,INF174V01BQ4,No,2023-09-13,2026-09-25,746,16.1962,Active
145356,Mahindra Manulife Consumption Fund,Mahindra Manulife Consumption Fund - Direct Plan -Growth,Mahindra Manulife Mutual Fund,Equity,Sectoral/Thematic,Equity Schemes - Thematic Fund,19-Oct-2018,INF174V01663,No,2021-09-27,2026-09-25,1232,24.6138,Active
154121,Mahindra Manulife Innovation Opportunities Fund,Mahindra Manulife Innovation Opportunities Fund - Direct - Growth,Mahindra Manulife Mutual Fund,Equity,Sectoral/Thematic,Equity Schemes - Thematic Fund,09-Jan-2026,INF174V01DA4,No,2026-02-02,2026-09-25,162,10.8876,Active
152672,Mahindra Manulife Manufacturing Fund,Mahindra Manulife Manufacturing Fund - Direct Plan - Growth,Mahindra Manulife Mutual Fund,Equity,Sectoral/Thematic,Equity Schemes - Thematic Fund,31-May-2024,INF174V01CC2,No,2024-06-26,2026-09-25,557,11.0658,Active
153674,MahindraManulife Banking & Financial Services Fund,Mahindra Manulife Banking & Financial Services Fund - Direct - Growth,Mahindra Manulife Mutual Fund,Equity,Sectoral/Thematic,Equity Schemes - Sectoral Fund,27-Jun-2025,INF174V01CO7,No,2025-07-21,2026-09-25,292,10.6064,Active
148623,Mirae Asset Banking and Financial Services Fund,Mirae Asset Banking and Financial Services Fund - Direct Plan - Growth,Mirae Asset Mutual Fund,Equity,Sectoral/Thematic,Equity Schemes - Thematic Fund,25-Nov-2020,INF769K01GX9,No,2021-09-27,2026-09-25,1232,22.671,Active
118837,Mirae Asset Great Consumer Fund,Mirae Asset Great Consumer Fund - Direct Plan - Growth,Mirae Asset Mutual Fund,Equity,Sectoral/Thematic,Equity Schemes - Thematic Fund,09-Mar-2011,INF769K01BL5,No,2021-09-27,2026-09-25,1232,110.209,Active
143783,Mirae Asset Healthcare Fund,Mirae Asset Healthcare Fund - Direct Plan - Growth,Mirae Asset Mutual Fund,Equity,Sectoral/Thematic,Equity Schemes - Thematic Fund,11-Jun-2018,INF769K01ED6,No,2021-09-27,2026-09-25,1232,52.485,Active
153983,Mirae Asset Infrastructure Fund,Mirae Asset Infrastructure Fund - Direct Plan - Growth,Mirae Asset Mutual Fund,Equity,Sectoral/Thematic,Equity Schemes - Thematic Fund,17-Nov-2025,INF769K01PV4,No,2025-12-08,2026-09-25,199,11.409,Active
153364,Motilal Oswal Active Momentum Fund,Motilal Oswal Active Momentum Fund- Direct-Growth,Motilal Oswal Mutual Fund,Equity,Sectoral/Thematic,Equity Scheme - Sectoral/ Thematic,24-Feb-2025,INF247L01EP5,No,2025-03-21,2026-09-25,374,14.458,Active
152796,Motilal Oswal Business Cycle Fund,Motilal Oswal Business Cycle Fund - Direct Plan- Growth,Motilal Oswal Mutual Fund,Equity,Sectoral/Thematic,Equity Scheme - Sectoral/ Thematic,07-Aug-2024,INF247L01DG6,No,2024-09-02,2026-09-25,511,13.0033,Active
153913,Motilal Oswal Consumption Fund,Motilal Oswal Consumption Fund-Direct-Growth,Motilal Oswal Mutual Fund,Equity,Sectoral/Thematic,Equity Scheme - Sectoral/ Thematic,01-Oct-2025,INF247L01GA2,No,2025-10-29,2026-09-25,226,11.4163,Active
152964,Motilal Oswal Digital India Fund,Motilal Oswal Digital India Fund - Direct Plan - Growth,Motilal Oswal Mutual Fund,Equity,Sectoral/Thematic,Equity Scheme - Sectoral/ Thematic,11-Oct-2024,INF247L01DN2,No,2024-11-08,2026-09-25,464,11.2512,Active
154142,Motilal Oswal Financial Services Fund,Motilal Oswal Financial Services Fund- Direct Growth,Motilal Oswal Mutual Fund,Equity,Sectoral/Thematic,Equity Scheme - Sectoral/ Thematic,27-Jan-2026,INF247L01GN5,No,2026-02-20,2026-09-25,148,10.3534,Active
153484,Motilal Oswal Infrastructure Fund,Motilal Oswal Infrastructure Fund-Direct-Growth,Motilal Oswal Mutual Fund,Equity,Sectoral/Thematic,Equity Scheme - Sectoral/ Thematic,23-Apr-2025,INF247L01EW1,No,2025-05-19,2026-09-25,337,12.9065,Active
153258,Motilal Oswal Innovation Opportunities Fund,Motilal Oswal Innovation Opportunities Fund - Direct Plan- Growth,Motilal Oswal Mutual Fund,Equity,Sectoral/Thematic,Equity Scheme - Sectoral/ Thematic,29-Jan-2025,INF247L01EJ8,No,2025-02-24,2026-09-25,391,15.1305,Active
152760,Motilal Oswal Manufacturing Fund,Motilal Oswal Manufacturing Fund - Direct Plan- Growth,Motilal Oswal Mutual Fund,Equity,Sectoral/Thematic,Equity Scheme - Sectoral/ Thematic,19-Jul-2024,INF247L01DA9,No,2024-08-14,2026-09-25,523,11.8114,Active
152694,Motilal Oswal Quant Fund,Motilal Oswal Quant Fund - Direct - Growth,Motilal Oswal Mutual Fund,Equity,Sectoral/Thematic,Equity Scheme - Sectoral/ Thematic,03-Jun-2024,INF247L01CS3,No,2024-06-10,2026-09-25,568,10.0755,Active
153558,Motilal Oswal Services Fund,Motilal Oswal Services Fund - Direct Plan - Growth,Motilal Oswal Mutual Fund,Equity,Sectoral/Thematic,Equity Scheme - Sectoral/ Thematic,20-May-2025,INF247L01FE6,No,2025-06-16,2026-09-25,317,12.0231,Active
153749,Motilal Oswal Special Opportunities Fund,Motilal Oswal Special Opportunities Fund - Direct - Growth,Motilal Oswal Mutual Fund,Equity,Sectoral/Thematic,Equity Scheme - Sectoral/ Thematic,25-Jul-2025,INF247L01FS6,No,2025-08-21,2026-09-25,270,12.6511,Active
153274,Nippon India Active Momentum Fund,Nippon India Active Momentum Fund-Direct Plan - Growth Option,Nippon India Mutual Fund,Equity,Sectoral/Thematic,Equity Schemes - Thematic Fund,10-Feb-2025,INF204KC1EK5,No,2025-03-03,2026-09-25,387,12.8284,Active
118589,Nippon India Banking & Financial Services Fund,Nippon India Banking & Financial Services Fund - Direct Plan Growth Plan - Growth Option,Nippon India Mutual Fund,Equity,Sectoral/Thematic,Equity Schemes - Sectoral Fund,08-May-2003,INF204K01XO1,No,2021-09-27,2026-09-25,1232,686.8274,Active
118724,Nippon India Consumption Fund,Nippon India Consumption Fund - Direct Plan Growth Plan - Growth Option,Nippon India Mutual Fund,Equity,Sectoral/Thematic,Equity Schemes - Thematic Fund,16-Sep-2004,INF204K01G52,No,2021-09-27,2026-09-25,1232,214.0175,Active
152033,Nippon India Innovation Fund,Nippon India Innovation Fund-Direct Plan-Growth Option,Nippon India Mutual Fund,Equity,Sectoral/Thematic,Equity Scheme - Sectoral/ Thematic,09-Aug-2023,INF204KC1BO3,No,2023-09-01,2026-09-25,754,15.2551,Active
130860,Nippon India Japan Equity Fund,Nippon India Japan Equity Fund- Direct Plan- Growth Plan- Growth Option,Nippon India Mutual Fund,Equity,Sectoral/Thematic,Equity Schemes - Thematic Fund,08-Aug-2014,INF204KA1SI1,No,2021-09-27,2026-09-25,1154,31.7136,Active
153693,Nippon India MNC Fund,Nippon India MNC Fund- Direct Plan- Growth Option,Nippon India Mutual Fund,Equity,Sectoral/Thematic,Equity Schemes - Thematic Fund,02-Jul-2025,INF204KC1FR7,No,2025-07-25,2026-09-25,288,10.5431,Active
118759,Nippon India Pharma Fund,Nippon India Pharma Fund - Direct Plan Growth Plan - Growth Option,Nippon India Mutual Fund,Equity,Sectoral/Thematic,Equity Schemes - Sectoral Fund,10-May-2004,INF204K01I50,No,2021-09-27,2026-09-25,1232,644.6841,Active
118763,Nippon India Power & Infra Fund,Nippon India Power & Infra Fund - Direct Plan Growth Plan - Growth Option,Nippon India Mutual Fund,Equity,Sectoral/Thematic,Equity Schemes - Sectoral Fund,29-Mar-2004,INF204K01I92,No,2021-09-27,2026-09-25,1232,411.1217,Active
118769,Nippon India Quant Fund,Nippon India Quant Fund - Direct Plan Growth Plan - Growth Option,Nippon India Mutual Fund,Equity,Sectoral/Thematic,Equity Scheme - Sectoral/ Thematic,18-Apr-2008,INF204K01J34,No,2021-09-27,2026-09-25,1232,77.1035,Active
149329,Nippon India Taiwan Equity Fund,Nippon India Taiwan Equity Fund- Direct Plan- Growth Option,Nippon India Mutual Fund,Equity,Sectoral/Thematic,Equity Schemes - Thematic Fund,22-Nov-2021,INF204KC1303,No,2021-12-14,2026-09-24,1116,38.5951,Active
134923,Nippon India US Equity Opportunities Fund,Nippon India US Equity Opportunities Fund- Direct Plan- Growth Plan- Growth Option,Nippon India Mutual Fund,Equity,Sectoral/Thematic,Equity Schemes - Thematic Fund,03-Jul-2015,INF204KA15G5,No,2021-09-27,2026-09-24,1188,48.2052,Active
154451,NJ Momentum Fund,NJ Momentum Fund - Direct Growth,NJ Mutual Fund,Equity,Sectoral/Thematic,Equity Schemes - Thematic Fund,10-Jul-2026,INF0J8L01172,No,2026-08-03,2026-09-25,39,10.16,Active
153039,PGIM India Healthcare Fund,PGIM India Healthcare Fund - Direct Plan - Growth Option,PGIM India Mutual Fund,Equity,Sectoral/Thematic,Equity Schemes - Thematic Fund,19-Nov-2024,INF663L01Z45,No,2024-12-11,2026-09-25,443,12.55,Active
151791,quant BFSI Fund,quant BFSI Fund - Growth Option - Direct Plan,quant Mutual Fund,Equity,Sectoral/Thematic,Equity Scheme - Sectoral/ Thematic,01-Jun-2023,INF966L01BX0,No,2023-06-21,2026-09-25,804,21.6156,Active
151757,quant Business Cycle Fund,quant Business Cycle Fund - Growth Option - Direct Plan,quant Mutual Fund,Equity,Sectoral/Thematic,Equity Scheme - Sectoral/ Thematic,12-May-2023,INF966L01BR2,No,2023-05-31,2026-09-25,819,16.9642,Active
152255,quant Commodities Fund,quant Commodities Fund - Growth Option - Direct Plan,quant Mutual Fund,Equity,Sectoral/Thematic,Equity Scheme - Sectoral/ Thematic,08-Dec-2023,INF966L01DF3,No,2023-12-28,2026-09-25,677,14.6957,Active
152336,quant Consumption Fund,quant Consumption Fund - Growth Option - Direct Plan,quant Mutual Fund,Equity,Sectoral/Thematic,Equity Scheme - Sectoral/ Thematic,05-Jan-2024,INF966L01DN7,No,2024-01-25,2026-09-25,658,10.5236,Active
148564,quant ESG Integration Strategy Fund,quant ESG Integration Strategy Fund - Growth Option - Direct Plan,quant Mutual Fund,Equity,Sectoral/Thematic,Equity Scheme - Sectoral/ Thematic,15-Oct-2020,INF966L01AD4,No,2021-09-27,2026-09-25,1232,41.8447,Active
151853,quant Healthcare Fund,quant Healthcare Fund - Growth Option - Direct Plan,quant Mutual Fund,Equity,Sectoral/Thematic,Equity Scheme - Sectoral/ Thematic,27-Jun-2023,INF966L01CD0,No,2023-07-18,2026-09-25,786,19.3068,Active
120833,Quant Infrastructure Fund,quant Infrastructure Fund - Growth Option-Direct Plan,quant Mutual Fund,Equity,Sectoral/Thematic,Equity Scheme - Sectoral/ Thematic,26-Jul-2007,INF966L01721,No,2021-09-27,2026-09-25,1232,45.5006,Active
151916,quant Manufacturing Fund,quant Manufacturing Fund - Growth Option - Direct Plan,quant Mutual Fund,Equity,Sectoral/Thematic,Equity Scheme - Sectoral/ Thematic,26-Jul-2023,INF966L01CJ7,No,2023-08-16,2026-09-25,766,17.283,Active
152189,quant Momentum Fund,quant Momentum Fund - Growth Option - Direct Plan,quant Mutual Fund,Equity,Sectoral/Thematic,Equity Scheme - Sectoral/ Thematic,30-Oct-2023,INF966L01CZ3,No,2023-11-21,2026-09-25,702,15.4266,Active
152415,quant PSU Fund,quant PSU Fund - Growth Option - Direct Plan,quant Mutual Fund,Equity,Sectoral/Thematic,Equity Scheme - Sectoral/ Thematic,02-Feb-2024,INF966L01DT4,No,2024-02-21,2026-09-25,640,10.7276,Active
148925,quant Quantamental Fund,quant Quantamental Fund - Growth Option - Direct Plan,quant Mutual Fund,Equity,Sectoral/Thematic,Equity Scheme - Sectoral/ Thematic,13-Apr-2021,INF966L01AK9,No,2021-09-27,2026-09-25,1232,26.4134,Active
152067,quant Teck Fund,quant Teck Fund - Growth Option - Direct Plan,quant Mutual Fund,Equity,Sectoral/Thematic,Equity Scheme - Sectoral/ Thematic,22-Aug-2023,INF966L01CT6,No,2023-09-12,2026-09-25,747,11.0573,Active
147372,QUANTUM ESG BEST IN CLASS STRATEGY FUND,QUANTUM ESG BEST IN CLASS STRATEGY FUND - DIRECT PLAN - GROWTH OPTION,Quantum Mutual Fund,Equity,Sectoral/Thematic,Equity Scheme - Sectoral/ Thematic,21-Jun-2019,INF082J01382,No,2021-09-27,2026-09-25,1232,24.25,Active
153094,Quantum Ethical Fund,Quantum Ethical Fund - Direct Plan Growth Option,Quantum Mutual Fund,Equity,Sectoral/Thematic,Equity Scheme - Sectoral/ Thematic,02-Dec-2024,INF082J01473,No,2024-12-20,2026-09-25,435,9.99,Active
151753,Samco Active Momentum Fund,Samco Active Momentum Fund - Direct Plan - Growth Option,Samco Mutual Fund,Equity,Sectoral/Thematic,Equity Schemes - Thematic Fund,15-Jun-2023,INF0K1H01081,No,2023-07-12,2026-09-25,790,16.14,Active
152586,Samco Special Opportunities Fund,Samco Special Opportunities Fund - Direct Plan - Growth,Samco Mutual Fund,Equity,Sectoral/Thematic,Equity Scheme - Sectoral/ Thematic,17-May-2024,INF0K1H01180,No,2024-06-13,2026-09-25,565,9.49,Active
152657,SBI Automotive Opportunities Fund,SBI Automotive Opportunities Fund - Direct Plan - Growth,SBI Mutual Fund,Equity,Sectoral/Thematic,Equity Scheme - Sectoral/ Thematic,17-May-2024,INF200KB1183,No,2024-06-12,2026-09-25,575,13.6206,Active
133859,SBI BANKING & FINANCIAL SERVICES FUND,SBI BANKING & FINANCIAL SERVICES FUND - DIRECT PLAN - GROWTH,SBI Mutual Fund,Equity,Sectoral/Thematic,Equity Scheme - Sectoral/ Thematic,11-Feb-2015,INF200KA1507,No,2021-09-27,2026-09-25,1241,47.6982,Active
119705,SBI COMMA FUND,SBI COMMA Fund - DIRECT PLAN - Growth,SBI Mutual Fund,Equity,Sectoral/Thematic,Equity Scheme - Sectoral/ Thematic,30-Jun-2005,INF200K01SB6,No,2021-09-27,2026-09-25,1241,126.5754,Active
120575,SBI CONSUMPTION OPPORTUNITIES FUND,SBI CONSUMPTION OPPORTUNITIES FUND - DIRECT PLAN - GROWTH,SBI Mutual Fund,Equity,Sectoral/Thematic,Equity Scheme - Sectoral/ Thematic,01-Jan-1993,INF200K01RM5,No,2021-09-27,2026-09-25,1241,318.9479,Active
152417,SBI Energy Opportunities Fund,SBI Energy Opportunities Fund - Direct Plan - Growth,SBI Mutual Fund,Equity,Sectoral/Thematic,Equity Scheme - Sectoral/ Thematic,06-Feb-2024,INF200KB1126,No,2024-03-01,2026-09-25,642,11.0632,Active
146643,SBI Equity Minimum Variance Fund,SBI Equity Minimum Variance Fund - Direct Plan - Growth,SBI Mutual Fund,Equity,Sectoral/Thematic,Equity Scheme - Sectoral/ Thematic,02-Mar-2019,INF200KA1A71,No,2021-09-27,2026-09-25,1241,23.7393,Active
119709,SBI ESG Exclusionary Strategy Fund,SBI ESG Exclusionary Strategy Fund - Direct Plan -Growth,SBI Mutual Fund,Equity,Sectoral/Thematic,Equity Scheme - Sectoral/ Thematic,29-Oct-1993,INF200K01SE0,No,2021-09-27,2026-09-25,1240,255.1096,Active
119783,SBI HEALTHCARE OPPORTUNITIES FUND,SBI HEALTHCARE OPPORTUNITIES FUND - DIRECT PLAN -GROWTH,SBI Mutual Fund,Equity,Sectoral/Thematic,Equity Scheme - Sectoral/ Thematic,01-Jan-1993,INF200K01UP2,No,2021-09-27,2026-09-25,1240,604.5241,Active
119700,SBI INFRASTRUCTURE FUND,SBI INFRASTRUCTURE FUND -  DIRECT PLAN - GROWTH,SBI Mutual Fund,Equity,Sectoral/Thematic,Equity Scheme - Sectoral/ Thematic,11-May-2007,INF200K01RS2,Yes,2021-09-27,2026-09-25,1241,53.7041,Active
152776,SBI Innovative Opportunities Fund,SBI Innovative Opportunities Fund - Direct Plan - Growth,SBI Mutual Fund,Equity,Sectoral/Thematic,Equity Scheme - Sectoral/ Thematic,29-Jul-2024,INF200KB1324,No,2024-08-27,2026-09-25,523,10.8127,Active
119711,SBI MNC FUND,SBI MNC FUND - DIRECT PLAN -GROWTH,SBI Mutual Fund,Equity,Sectoral/Thematic,Equity Scheme - Sectoral/ Thematic,06-Jun-2005,INF200K01SN1,No,2021-09-27,2026-09-25,1240,453.8307,Active
119732,SBI PSU FUND,SBI PSU Fund - DIRECT PLAN - GROWTH,SBI Mutual Fund,Equity,Sectoral/Thematic,Equity Scheme - Sectoral/ Thematic,17-May-2010,INF200K01UY4,No,2021-09-27,2026-09-25,1241,37.1553,Active
154177,SBI Quality Fund,SBI Quality Fund - Direct Plan - Growth,SBI Mutual Fund,Equity,Sectoral/Thematic,Equity Scheme - Sectoral/ Thematic,28-Jan-2026,INF200KB1AG6,No,2026-02-23,2026-09-24,148,10.7605,Active
153154,SBI Quant Fund,SBI Quant Fund- Direct Plan- Growth,SBI Mutual Fund,Equity,Sectoral/Thematic,Equity Scheme - Sectoral/ Thematic,04-Dec-2024,INF200KB1506,No,2024-12-31,2026-09-25,436,9.3603,Active
120578,SBI TECHNOLOGY OPPORTUNITIES FUND,SBI TECHNOLOGY OPPORTUNITIES FUND - DIRECT PLAN - GROWTH,SBI Mutual Fund,Equity,Sectoral/Thematic,Equity Scheme - Sectoral/ Thematic,01-Jan-1993,INF200K01RV6,No,2021-09-27,2026-09-24,1238,222.7199,Active
153076,Shriram Multi Sector Rotation Fund,Shriram Multi Sector Rotation Fund - Direct Plan Growth Option,Shriram Mutual Fund,Equity,Sectoral/Thematic,Equity Scheme - Sectoral/ Thematic,18-Nov-2024,INF680P01455,No,2024-12-13,2026-09-25,441,8.0999,Active
152677,Sundaram Business Cycle Fund,Sundaram Business Cycle Fund Direct Plan Growth,Sundaram Mutual Fund,Equity,Sectoral/Thematic,Equity Scheme - Sectoral/ Thematic,05-Jun-2024,INF903JA1LQ6,No,2024-06-26,2026-09-25,557,11.5058,Active
119595,Sundaram Consumption Fund (Formerly Known as Sundaram Rural and Consumption Fund),Sundaram Consumption Fund (Formerly Known as Sundaram Rural and Consumption Fund Direct Plan - Growth),Sundaram Mutual Fund,Equity,Sectoral/Thematic,Equity Scheme - Sectoral/ Thematic,20-Mar-2006,INF903J01NH5,Yes,2021-09-27,2026-09-25,1231,103.7458,Active
119597,Sundaram Financial Services Opportunities Fund,Sundaram Financial Services Opportunities Fund Direct Plan - Growth,Sundaram Mutual Fund,Equity,Sectoral/Thematic,Equity Scheme - Sectoral/ Thematic,10-May-2008,INF903J01NB8,No,2021-09-27,2026-09-25,1231,120.5214,Active
129212,Sundaram Infrastructure Advantage Fund (Erstwhile Sundaram Capex Opportunities),Sundaram Infrastructure Advantage Fund Direct Plan - Growth,Sundaram Mutual Fund,Equity,Sectoral/Thematic,Equity Scheme - Sectoral/ Thematic,10-Aug-2005,INF903J01F92,No,2021-09-27,2026-09-25,1231,105.6476,Active
153669,Sundaram Multi-Factor Fund,Sundaram Multi-Factor Fund - Direct - Growth,Sundaram Mutual Fund,Equity,Sectoral/Thematic,Equity Scheme - Sectoral/ Thematic,02-Jul-2025,INF903JA1LV6,No,2025-07-23,2026-09-25,290,9.7097,Active
144835,Sundaram Services Fund,Sundaram Services Fund Direct Plan - Growth,Sundaram Mutual Fund,Equity,Sectoral/Thematic,Equity Scheme - Sectoral/ Thematic,29-Aug-2018,INF903JA1FA2,Yes,2021-09-27,2026-09-24,1229,39.1605,Active
135793,Tata Banking & Financial Services Fund,Tata Banking And Financial Services Fund-Direct Plan-Growth,Tata Mutual Fund,Equity,Sectoral/Thematic,Equity Scheme - Sectoral/ Thematic,04-Dec-2015,INF277K01Z10,No,2021-09-27,2026-09-25,1232,50.3012,Active
149071,Tata Business Cycle Fund,Tata Business Cycle Fund-Direct Plan-Growth,Tata Mutual Fund,Equity,Sectoral/Thematic,Equity Scheme - Sectoral/ Thematic,16-Jul-2021,INF277KA1166,No,2021-09-27,2026-09-25,1232,20.1343,Active
135800,Tata Digital India Fund,Tata Digital India Fund-Direct Plan-Growth,Tata Mutual Fund,Equity,Sectoral/Thematic,Equity Scheme - Sectoral/ Thematic,04-Dec-2015,INF277K01Z77,No,2021-09-27,2026-09-25,1231,46.4698,Active
119172,Tata Ethical Fund,Tata Ethical Fund -Direct Plan- Growth Option,Tata Mutual Fund,Equity,Sectoral/Thematic,Equity Scheme - Sectoral/ Thematic,01-Jan-2013,INF277K01NG4,No,2021-09-27,2026-09-25,1232,405.2053,Active
150532,TATA HOUSING OPPORTUNITIES FUND,Tata Housing Opportunities Fund - Direct Plan - Growth,Tata Mutual Fund,Equity,Sectoral/Thematic,Equity Scheme - Sectoral/ Thematic,16-Aug-2022,INF277KA1497,No,2022-09-09,2026-09-25,996,15.5211,Active
135805,Tata India Consumer Fund,Tata India Consumer Fund-Direct Plan-Growth,Tata Mutual Fund,Equity,Sectoral/Thematic,Equity Scheme - Sectoral/ Thematic,04-Dec-2015,INF277K013A6,No,2021-09-27,2026-09-25,1232,54.9816,Active
153055,Tata India Innovation Fund,Tata India Innovation Fund- Direct Growth,Tata Mutual Fund,Equity,Sectoral/Thematic,Equity Scheme - Sectoral/ Thematic,11-Nov-2024,INF277KA1CU2,No,2024-12-05,2026-09-25,447,10.2456,Active
135810,Tata India Pharma & Healthcare Fund,Tata India Pharma & Healthcare Fund-Direct Plan-Growth,Tata Mutual Fund,Equity,Sectoral/Thematic,Equity Scheme - Sectoral/ Thematic,04-Dec-2015,INF277K019A3,No,2021-09-27,2026-09-25,1232,39.261,Active
119243,Tata Infrastructure Fund,Tata Infrastructure Fund -Direct Plan -Growth Option,Tata Mutual Fund,Equity,Sectoral/Thematic,Equity Scheme - Sectoral/ Thematic,01-Jan-2013,INF277K01PQ8,No,2021-09-27,2026-09-25,1232,195.9219,Active
147864,Tata Quant Fund,Tata Quant Fund-Direct Plan-Growth,Tata Mutual Fund,Equity,Sectoral/Thematic,Equity Scheme - Sectoral/ Thematic,03-Jan-2020,INF277K013Y6,No,2021-09-27,2025-03-21,859,15.3769,Inactive
135813,Tata Resources & Energy Fund,Tata Resources & Energy Fund-Direct Plan-Growth,Tata Mutual Fund,Equity,Sectoral/Thematic,Equity Scheme - Sectoral/ Thematic,04-Dec-2015,INF277K015B9,No,2021-09-27,2026-09-25,1232,57.9974,Active
118868,Taurus Banking & Financial Services Fund,Taurus Banking & Financial Services Fund - Direct Plan - Growth,Taurus Mutual Fund,Equity,Sectoral/Thematic,Equity Scheme - Sectoral/ Thematic,02-May-2012,INF044D01CN2,No,2021-09-27,2026-09-25,1229,57.7,Active
118876,Taurus Ethical Fund,Taurus Ethical Fund - Direct Plan - Growth,Taurus Mutual Fund,Equity,Sectoral/Thematic,Equity Scheme - Sectoral/ Thematic,19-Feb-2009,INF044D01CJ0,No,2021-09-27,2026-09-25,1229,140.54,Active
118879,Taurus Infrastructure Fund,Taurus Infrastructure Fund - Direct Plan - Growth,Taurus Mutual Fund,Equity,Sectoral/Thematic,Equity Scheme - Sectoral/ Thematic,05-Feb-2007,INF044D01CD3,No,2021-09-27,2026-09-25,1229,65.5,Active
153895,THE WEALTH COMPANY ETHICAL FUND,THE WEALTH COMPANY ETHICAL FUND DIRECT GROWTH,The Wealth Company Mutual Fund,Equity,Sectoral/Thematic,Equity Scheme - Sectoral/ Thematic,24-Sep-2025,INF2F0001214,No,2025-10-17,2026-09-25,232,9.6725,Active
153109,Union Active Momentum Fund,Union Active Momentum Fund - Direct Plan - Growth Option,Union Mutual Fund,Equity,Sectoral/Thematic,Equity Scheme - Sectoral/ Thematic,28-Nov-2024,INF582M01KG9,No,2024-12-23,2026-09-25,435,10.39,Active
152409,Union Business Cycle Fund,Union Business Cycle Fund - Direct Plan - Growth Option,Union Mutual Fund,Equity,Sectoral/Thematic,Equity Scheme - Sectoral/ Thematic,13-Feb-2024,INF582M01JQ0,No,2024-03-12,2026-09-25,627,11.92,Active
154020,Union Consumption Fund,Union Consumption Fund - Direct Plan - Growth Option,Union Mutual Fund,Equity,Sectoral/Thematic,Equity Scheme - Sectoral/ Thematic,01-Dec-2025,INF582M01MH3,No,2025-12-26,2026-09-25,186,9.75,Active
151905,Union Innovation & Opportunities Fund,Union Innovation & Opportunities Fund - Direct Plan - Growth Option,Union Mutual Fund,Equity,Sectoral/Thematic,Equity Scheme - Sectoral/ Thematic,16-Aug-2023,INF582M01JE6,No,2023-09-13,2026-09-25,746,16.72,Active
120733,UTI - Banking and Financial Services Fund,UTI Banking and Financial Services Fund - Direct Plan - Growth Option,UTI Mutual Fund,Equity,Sectoral/Thematic,Equity Scheme - Sectoral/ Thematic,02-Jan-2003,INF789F01SN3,No,2021-09-27,2026-09-25,1232,219.8001,Active
120782,UTI - Healthcare Fund,UTI Healthcare Fund - Direct Plan - Growth Option,UTI Mutual Fund,Equity,Sectoral/Thematic,Equity Scheme - Sectoral/ Thematic,27-May-1999,INF789F01TO9,No,2021-09-27,2026-09-25,1232,390.833,Active
120780,UTI - India Consumer Fund,UTI India Consumer Fund - Direct Plan - Growth Option,UTI Mutual Fund,Equity,Sectoral/Thematic,Equity Schemes - Thematic Fund,02-Jul-2007,INF789F01VF3,No,2021-09-27,2026-09-25,1232,61.3955,Active
120728,UTI - Infrastructure Fund,UTI Infrastructure Fund-Growth Option- Direct,UTI Mutual Fund,Equity,Sectoral/Thematic,Equity Scheme - Sectoral/ Thematic,02-Jan-2003,INF789F01TU6,No,2021-09-27,2026-09-25,1232,148.6176,Active
120682,UTI - MNC Fund,UTI - MNC Fund - Growth Option - Direct,UTI Mutual Fund,Equity,Sectoral/Thematic,Equity Scheme - Sectoral/ Thematic,01-Feb-2003,INF789F01UD0,No,2021-09-27,2026-09-25,1232,440.5946,Active
120731,UTI - Transportation and Logistics Fund,UTI-Transportation and Logistics  Fund-Growth Option- Direct,UTI Mutual Fund,Equity,Sectoral/Thematic,Equity Schemes - Thematic Fund,11-Apr-2008,INF789F01SH5,No,2021-09-27,2026-09-25,1232,338.8251,Active
152087,UTI Innovation Fund,UTI Innovation Fund - Direct Plan - Growth Option,UTI Mutual Fund,Equity,Sectoral/Thematic,Equity Schemes - Thematic Fund,25-Sep-2023,INF789F1AZA4,No,2023-10-18,2026-09-25,724,11.6496,Active
153204,UTI Quant Fund,UTI Quant Fund - Direct Plan - Growth Option,UTI Mutual Fund,Equity,Sectoral/Thematic,Equity Schemes - Thematic Fund,02-Jan-2025,INF789F1AA98,No,2025-01-24,2026-09-25,412,10.3367,Active
152321,WhiteOak Capital Banking & Financial Services Fund,WhiteOak Capital Banking & Financial Services Fund - Direct Growth,WhiteOak Capital Mutual Fund,Equity,Sectoral/Thematic,Equity Schemes - Sectoral Fund,16-Jan-2024,INF03VN01860,No,2024-02-07,2026-09-25,650,13.078,Active
154161,WhiteOak Capital Consumption Opportunities Fund,WhiteOak Capital Consumption Opportunities Fund Direct Plan Growth,WhiteOak Capital Mutual Fund,Equity,Sectoral/Thematic,Equity Schemes - Thematic Fund,20-Jan-2026,INF03VN01AD3,No,2026-02-11,2026-09-25,155,10.29,Active
152915,WhiteOak Capital Digital Bharat Fund,WhiteOak Capital Digital Bharat Fund Direct Plan Growth,WhiteOak Capital Mutual Fund,Equity,Sectoral/Thematic,Equity Schemes - Sectoral Fund,20-Sep-2024,INF03VN01936,No,2024-10-14,2026-09-25,482,10.089,Active
152962,WhiteOak Capital ESG Best-In-Class Strategy Fund,WhiteOak Capital ESG Best-In-Class Strategy Fund Direct Plan Growth,WhiteOak Capital Mutual Fund,Equity,Sectoral/Thematic,Equity Schemes - Thematic Fund,11-Oct-2024,INF03VN01951,No,2024-10-31,2026-09-25,469,10.118,Active
152349,WhiteOak Capital Pharma and Healthcare Fund,WhiteOak Capital Pharma and Heathcare Fund Direct Plan Growth,WhiteOak Capital Mutual Fund,Equity,Sectoral/Thematic,Equity Schemes - Sectoral Fund,16-Jan-2024,INF03VN01886,No,2024-02-07,2026-09-25,650,17.815,Active
153189,WhiteOak Capital Quality Equity Fund,WhiteOak Capital Quality Equity Fund Direct Plan Growth,WhiteOak Capital Mutual Fund,Equity,Sectoral/Thematic,Equity Schemes - Thematic Fund,08-Jan-2025,INF03VN01977,No,2025-01-30,2026-09-25,408,10.266,Active
152644,WhiteOak Capital Special Opportunities Fund,WhiteOak Capital Special Opportunities Fund - Direct Growth,WhiteOak Capital Mutual Fund,Equity,Sectoral/Thematic,Equity Schemes - Thematic Fund,15-May-2024,INF03VN01902,No,2024-06-05,2026-09-25,571,14.989,Active
154215,Abakkus Small Cap Fund,Abakkus Small Cap Fund - Direct Plan - Growth,Abakkus Mutual Fund,Equity,Small Cap,Equity Scheme - Small Cap Fund,26-Feb-2026,INF2JJD01177,No,2026-03-20,2026-09-25,129,12.524,Active
119556,Aditya Birla Sun Life Small Cap Fund,Aditya Birla Sun Life Small Cap Fund - Growth - Direct Plan,Aditya Birla Sun Life Mutual Fund,Equity,Small Cap,Equity Scheme - Small Cap Fund,09-Apr-2007,INF209K01WN4,No,2021-09-27,2026-09-25,1232,115.0516,Active
125354,Axis Small Cap Fund,Axis Small Cap Fund - Direct Plan - Growth,Axis Mutual Fund,Equity,Small Cap,Equity Schemes - Small Cap Fund,11-Nov-2013,INF846K01K35,Yes,2021-09-27,2026-09-25,1240,136.07,Active
153612,Bajaj Finserv Small Cap Fund,BAJAJ FINSERV SMALL CAP FUND - DIRECT - GROWTH,Bajaj Finserv Mutual Fund,Equity,Small Cap,Equity Scheme - Small Cap Fund,27-Jun-2025,INF0QA701BN2,No,2025-07-22,2026-09-25,291,11.377,Active
147946,BANDHAN Small Cap Fund,BANDHAN SMALL CAP FUND - DIRECT PLAN GROWTH,Bandhan Mutual Fund,Equity,Small Cap,Equity Scheme - Small Cap Fund,03-Feb-2020,INF194KB1AL4,Yes,2021-09-27,2026-09-25,1241,57.61,Active
145678,BANK OF INDIA SMALL CAP FUND,BANK OF INDIA Small Cap Fund Direct Plan Growth,Bank of India Mutual Fund,Equity,Small Cap,Equity Scheme - Small Cap Fund,28-Nov-2018,INF761K01EP7,Yes,2021-09-27,2026-09-25,1232,66.59,Active
152128,Baroda BNP Paribas Small Cap Fund,Baroda BNP Paribas Small Cap Fund - Direct Plan - Growth option,Baroda BNP Paribas Mutual Fund,Equity,Small Cap,Equity Scheme - Small Cap Fund,06-Oct-2023,INF251K01SR5,No,2023-11-01,2026-09-25,715,14.6868,Active
146130,Canara Robeco Small Cap Fund,CANARA ROBECO SMALL CAP FUND - DIRECT PLAN - GROWTH OPTION,Canara Robeco Mutual Fund,Equity,Small Cap,Equity Schemes - Small Cap Fund,25-Jan-2019,INF760K01JC6,No,2021-09-27,2026-09-25,1232,45.48,Active
119212,DSP Small Cap Fund,DSP Small Cap Fund - Direct Plan - Growth,DSP Mutual Fund,Equity,Small Cap,Equity Scheme - Small Cap Fund,04-May-2007,INF740K01QD1,No,2021-09-27,2026-09-25,1232,256.991,Active
146196,Edelweiss Small Cap Fund,Edelweiss Small Cap Fund - Direct Plan - Growth,Edelweiss Mutual Fund,Equity,Small Cap,Equity Scheme - Small Cap Fund,18-Jan-2019,INF754K01JN6,Yes,2021-09-27,2026-09-25,1233,53.113,Active
118525,Franklin India Small Cap Fund,Franklin India Small Cap Fund - Direct - Growth,Franklin Templeton Mutual Fund,Equity,Small Cap,Equity Scheme - Small Cap Fund,16-Nov-2005,INF090I01IQ4,Yes,2021-09-27,2026-09-25,1232,201.5614,Active
154063,Groww Small Cap Fund,Groww Small Cap Fund-Direct-Growth,Groww Mutual Fund,Equity,Small Cap,Equity Schemes - Small Cap Fund,08-Jan-2026,INF666M01NJ8,No,2026-02-02,2026-09-25,162,13.0199,Active
130503,HDFC Small Cap Fund,HDFC Small Cap Fund - Growth Option - Direct Plan,HDFC Mutual Fund,Equity,Small Cap,Equity Scheme - Small Cap Fund,11-Feb-2008,INF179KA1RW5,No,2021-09-27,2026-09-25,1232,159.82,Active
153912,Helios Small Cap Fund,Helios Small Cap Fund - Direct Plan - Growth Option,Helios Mutual Fund,Equity,Small Cap,Equity Schemes - Small Cap Fund,06-Nov-2025,INF0R8701384,No,2025-11-28,2026-09-25,205,11.63,Active
151130,HSBC Small Cap Fund,HSBC Small Cap Fund - Direct Growth,HSBC Mutual Fund,Equity,Small Cap,Equity Schemes - Small Cap Fund,22-Apr-2014,INF917K01QA1,No,2022-11-28,2026-09-25,944,102.4156,Active
120591,ICICI Prudential Small Cap Fund,ICICI Prudential Small Cap Fund - Direct Plan - Growth,ICICI Prudential Mutual Fund,Equity,Small Cap,Equity Schemes - Small Cap Fund,23-Aug-2007,INF109K015M0,No,2021-09-27,2026-09-25,1232,104.65,Active
145137,Invesco India Small Cap Fund,Invesco India Small Cap Fund - Direct Plan - Growth,Invesco Mutual Fund,Equity,Small Cap,Equity Schemes - Small Cap Fund,10-Oct-2018,INF205K013T3,Yes,2021-09-27,2026-09-25,1232,53.91,Active
147919,ITI Small Cap Fund,ITI Small Cap Fund - Direct Plan - Growth Option,ITI Mutual Fund,Equity,Small Cap,Equity Scheme - Small Cap Fund,27-Jan-2020,INF00XX01747,No,2021-09-27,2026-09-25,1231,38.4942,Active
152614,JM Small Cap Fund,JM Small Cap Fund (Direct) - Growth Option,JM Financial Mutual Fund,Equity,Small Cap,Equity Schemes - Small Cap Fund,27-May-2024,INF192K01NH3,No,2024-06-24,2026-09-25,559,12.0314,Active
120164,Kotak Small Cap Fund,Kotak-Small Cap Fund - Growth - Direct,Kotak Mahindra Mutual Fund,Equity,Small Cap,Equity Scheme - Small Cap Fund,30-Dec-2004,INF174K01KT2,No,2021-09-27,2026-09-25,1232,328.927,Active
152004,LIC MF Small Cap Fund,LIC MF Small Cap Fund-Direct Plan-Growth,LIC Mutual Fund,Equity,Small Cap,Equity Scheme - Small Cap Fund,01-Jun-2017,INF397L01JS1,No,2023-07-31,2026-09-25,777,40.2076,Active
150915,Mahindra Manulife Small Cap Fund,Mahindra Manulife Small Cap Fund - Direct Plan - Growth,Mahindra Manulife Mutual Fund,Equity,Small Cap,Equity Schemes - Small Cap Fund,21-Nov-2022,INF174V01BK7,No,2022-12-14,2026-09-25,932,23.9524,Active
153196,Mirae Asset Small Cap Fund,Mirae Asset Small Cap Fund - Direct Plan - Growth,Mirae Asset Mutual Fund,Equity,Small Cap,Equity Schemes - Small Cap Fund,10-Jan-2025,INF769K01NJ4,No,2025-02-03,2026-09-25,406,12.892,Active
152237,Motilal Oswal Small Cap Fund,Motilal Oswal Small Cap Fund - Direct - Growth,Motilal Oswal Mutual Fund,Equity,Small Cap,Equity Scheme - Small Cap Fund,05-Dec-2023,INF247L01BY3,No,2023-12-29,2026-09-25,676,17.5007,Active
118778,Nippon India Small Cap Fund,Nippon India Small Cap Fund - Direct Plan Growth Plan - Growth Option,Nippon India Mutual Fund,Equity,Small Cap,Equity Scheme - Small Cap Fund,26-Aug-2010,INF204K01K15,Yes,2021-09-27,2026-09-25,1232,208.0154,Active
149019,PGIM India Small Cap Fund,PGIM India Small Cap Fund - Direct Plan- Growth Option,PGIM India Mutual Fund,Equity,Small Cap,Equity Scheme - Small Cap Fund,09-Jul-2021,INF663L01W06,No,2021-09-27,2026-09-25,1232,20.26,Active
120828,Quant Small Cap Fund,quant Small Cap Fund - Growth Option - Direct Plan,quant Mutual Fund,Equity,Small Cap,Equity Scheme - Small Cap Fund,23-Sep-1996,INF966L01689,Yes,2021-09-27,2026-09-25,1232,318.935,Active
152107,QUANTUM SMALL CAP FUND,QUANTUM SMALL CAP FUND - DIRECT PLAN GROWTH OPTION,Quantum Mutual Fund,Equity,Small Cap,Equity Scheme - Small Cap Fund,16-Oct-2023,INF082J01432,No,2023-11-03,2026-09-25,710,14.14,Active
125497,SBI SMALL CAP FUND,SBI Small Cap Fund - Direct Plan - Growth,SBI Mutual Fund,Equity,Small Cap,Equity Scheme - Small Cap Fund,27-Jul-2009,INF200K01T51,No,2021-09-27,2026-09-25,1241,212.529,Active
119589,Sundaram Small Cap Fund,Sundaram Small Cap Fund Direct Plan - Growth,Sundaram Mutual Fund,Equity,Small Cap,Equity Scheme - Small Cap Fund,03-Jan-2005,INF903J01NK9,Yes,2021-09-27,2026-09-25,1231,330.4334,Active
145206,Tata Small Cap Fund,Tata Small Cap Fund-Direct Plan-Growth,Tata Mutual Fund,Equity,Small Cap,Equity Scheme - Small Cap Fund,19-Oct-2018,INF277K011O1,No,2021-09-27,2026-09-25,1232,45.7534,Active
154269,The Wealth Company Small Cap Fund,The Wealth Company Small Cap Fund- Direct-Growth,The Wealth Company Mutual Fund,Equity,Small Cap,Equity Scheme - Small Cap Fund,05-Mar-2026,INF2F0001537,No,2026-03-30,2026-09-25,124,11.847,Active
152939,TRUSTMF SMALL CAP FUND,TRUSTMF SMALL CAP FUND -DIRECT PLAN-GROWTH,Trust Mutual Fund,Equity,Small Cap,Equity Scheme - Small Cap Fund,11-Oct-2024,INF0GCD01800,No,2024-11-05,2026-09-25,468,13.97,Active
129649,Union Small Cap Fund,Union Small Cap Fund - Direct Plan - Growth Option,Union Mutual Fund,Equity,Small Cap,Equity Scheme - Small Cap Fund,20-May-2014,INF582M01BU9,No,2021-09-27,2026-09-25,1231,67.2,Active
148618,UTI Small Cap Fund,UTI Small Cap Fund - Direct Plan - Growth Option,UTI Mutual Fund,Equity,Small Cap,Equity Schemes - Small Cap Fund,02-Dec-2020,INF789F1AUQ1,No,2021-09-27,2026-09-25,1232,29.6914,Active
119659,Aditya Birla Sun Life Value Fund,Aditya Birla Sun Life Value Fund - Growth - Direct Plan,Aditya Birla Sun Life Mutual Fund,Equity,Value,Equity Scheme - Value Fund,17-Jan-2008,INF209K01WQ7,No,2021-09-27,2026-09-25,1232,155.2809,Active
149166,Axis Value Fund,Axis Value Fund - Direct Plan - Growth,Axis Mutual Fund,Equity,Value,Equity Schemes - Value Fund,02-Sep-2021,INF846K010C0,No,2021-09-28,2026-09-25,1239,21.25,Active
118481,Bandhan Value Fund,Bandhan Value Fund - Direct Plan - Growth,Bandhan Mutual Fund,Equity,Value,Equity Scheme - Value Fund,09-Jan-2008,INF194K01Z85,Yes,2021-09-27,2026-09-25,1241,165.143,Active
154693,BANK OF INDIA VALUE FUND,Bank of India Value Fund - Direct - Growth,Bank of India Mutual Fund,Equity,Value,Equity Schemes - Value Fund,28-Aug-2026,INF761K01HK1,No,2026-09-22,2026-09-25,4,10.02,Active
151755,Baroda BNP Paribas Value Fund,Baroda BNP Paribas Value Fund - Direct Plan - Growth option,Baroda BNP Paribas Mutual Fund,Equity,Value,Equity Scheme - Value Fund,17-May-2023,INF251K01SD5,No,2023-06-09,2026-09-25,812,14.0234,Active
149085,Canara Robeco Value Fund,Canara Robeco Value Fund - Direct Plan - Growth Option,Canara Robeco Mutual Fund,Equity,Value,Equity Schemes - Value Fund,13-Aug-2021,INF760K01JW4,No,2021-09-27,2026-09-25,1232,18.86,Active
148595,DSP Value Fund,DSP Value Fund - Direct Plan - Growth,DSP Mutual Fund,Equity,Value,Equity Scheme - Value Fund,20-Nov-2020,INF740KA1PP3,No,2021-09-27,2026-09-24,1147,24.192,Active
135341,Groww Value Fund,Groww Value Fund (formerly known as Indiabulls Value Fund) - Direct Plan - Growth Option,Groww Mutual Fund,Equity,Value,Equity Schemes - Value Fund,03-Sep-2015,INF666M01BE4,No,2021-09-27,2026-09-25,1232,32.6549,Active
118935,HDFC Value Fund,HDFC Value Fund - Growth Option - Direct Plan,HDFC Mutual Fund,Equity,Value,Equity Scheme - Value Fund,16-Dec-1993,INF179K01VC4,No,2021-09-27,2026-09-25,1232,877.231,Active
151113,HSBC Value Fund,HSBC Value Fund - Direct Growth,HSBC Mutual Fund,Equity,Value,Equity Schemes - Value Fund,16-Nov-2009,INF917K01HD4,Yes,2022-11-28,2026-09-25,944,126.3305,Active
120323,ICICI Prudential Value Fund (erstwhile Value Discovery Fund),ICICI Prudential Value Fund (erstwhile Value Discovery Fund) - Direct Plan - Growth,ICICI Prudential Mutual Fund,Equity,Value,Equity Scheme - Value Fund,09-Jul-2004,INF109K012K1,No,2021-09-27,2026-09-25,1231,491.16,Active
148972,ITI Value Fund,ITI Value Fund - Direct Plan - Growth Option,ITI Mutual Fund,Equity,Value,Equity Scheme - Value Fund,25-May-2021,INF00XX01AQ6,No,2021-09-27,2026-09-25,1231,18.496,Active
120486,JM Value Fund,JM Value Fund (Direct) - Growth Option,JM Financial Mutual Fund,Equity,Value,Equity Schemes - Value Fund,25-Mar-1997,INF192K01BT3,Yes,2021-09-27,2026-09-25,1232,109.8607,Active
152018,LIC MF Value Fund,LIC MF Value Fund-Direct Plan-Growth,LIC Mutual Fund,Equity,Value,Equity Scheme - Value Fund,30-Jul-2018,INF397L01KU5,No,2023-07-31,2026-09-25,777,31.676,Active
153303,Mahindra Manulife Value Fund,Mahindra Manulife Value Fund - Direct Plan - Growth,Mahindra Manulife Mutual Fund,Equity,Value,Equity Schemes - Value Fund,07-Feb-2025,INF174V01CI9,No,2025-03-05,2026-09-25,385,12.6999,Active
118784,Nippon India Value Fund,Nippon India Value Fund - Direct Plan Growth Plan,Nippon India Mutual Fund,Equity,Value,Equity Scheme - Value Fund,10-May-2005,INF204K01K49,Yes,2021-09-27,2026-09-25,1232,239.1039,Active
154456,NJ Value Fund,NJ Value Fund - Direct Growth,NJ Mutual Fund,Equity,Value,Equity Schemes - Value Fund,10-Jul-2026,INF0J8L01214,No,2026-08-03,2026-09-25,39,9.5,Active
149335,Quant Value Fund,Quant Value Fund - Growth Option  - Direct Plan,quant Mutual Fund,Equity,Value,Equity Scheme - Value Fund,10-Nov-2021,INF966L01AN3,No,2021-12-01,2026-09-25,1189,23.4501,Active
103490,Quantum Value Fund,Quantum Value Fund - Direct Plan Growth Option,Quantum Mutual Fund,Equity,Value,Equity Scheme - Value Fund,08-Feb-2006,INF082J01036,No,2021-09-27,2026-09-25,1232,120.37,Active
119549,Sundaram Value Fund,Sundaram Value Fund Direct Plan - Growth,Sundaram Mutual Fund,Equity,Value,Equity Scheme - Value Fund,22-Nov-1999,INF903J01NN3,No,2021-09-27,2026-09-25,1231,219.3642,Active
119231,Tata Value Fund,Tata Value Fund -Direct Plan Growth Option,Tata Mutual Fund,Equity,Value,Equity Scheme - Value Fund,17-May-2004,INF277K01ND1,No,2021-09-27,2026-09-25,1232,393.4689,Active
118494,Templeton India Value Fund,Templeton India Value Fund - Direct - Growth,Franklin Templeton Mutual Fund,Equity,Value,Equity Scheme - Value Fund,10-Sep-1996,INF090I01GY2,Yes,2021-09-27,2026-09-25,1231,755.6019,Active
145473,Union Value Fund,Union Value Fund - Direct Plan - Growth Option,Union Mutual Fund,Equity,Value,Equity Scheme - Value Fund,14-Nov-2018,INF582M01EK4,No,2021-09-27,2026-09-25,1231,30.12,Active
120751,UTI Value Fund,UTI Value Fund - Direct Plan - Growth Option,UTI Mutual Fund,Equity,Value,Equity Schemes - Value Fund,16-Jul-2005,INF789F01VB2,No,2021-09-27,2026-09-25,1232,177.138,Active
120517,Aditya Birla Sun Life Aggressive Hybrid Fund,Aditya Birla Sun Life Aggressive Hybrid Fund - Direct Plan-Growth,Aditya Birla Sun Life Mutual Fund,Hybrid,Aggressive Hybrid,Hybrid Schemes - Aggressive Hybrid Fund,19-Jan-1995,INF209K01ZC0,No,2021-09-27,2026-09-25,1233,1709.13,Active
144394,Axis Aggressive Hybrid Fund,Axis Aggressive Hybrid Fund - Direct Plan - Growth Option,Axis Mutual Fund,Hybrid,Aggressive Hybrid,Hybrid Schemes - Aggressive Hybrid Fund,20-Jul-2018,INF846K01E25,No,2021-09-27,2026-09-25,1240,22.72,Active
140382,Bandhan Aggressive Hybrid Fund,Bandhan Aggressive Hybrid Fund-Direct Plan Growth,Bandhan Mutual Fund,Hybrid,Aggressive Hybrid,Hybrid Scheme - Aggressive Hybrid Fund,12-Dec-2016,INF194KA1U56,No,2021-09-27,2026-09-25,1241,31.616,Active
139527,BANK OF INDIA AGGRESSIVE HYBRID FUND,BANK OF INDIA AGGRESSIVE HYBRID FUND - DIRECT PLAN GROWTH,Bank of India Mutual Fund,Hybrid,Aggressive Hybrid,Hybrid Schemes - Aggressive Hybrid Fund,29-Jun-2016,INF761K01DM6,No,2021-09-27,2026-09-25,1232,47.51,Active
150260,BARODA BNP PARIBAS AGGRESSIVE HYBRID FUND,Baroda BNP Paribas Aggressive Hybrid Fund- DIRECT PLAN - GROWTH OPTION,Baroda BNP Paribas Mutual Fund,Hybrid,Aggressive Hybrid,Hybrid Schemes - Aggressive Hybrid Fund,17-Mar-2017,INF251K01OZ7,No,2022-03-14,2026-09-25,1118,31.9031,Active
118272,Canara Robeco Aggressive Hybrid Fund,CANARA ROBECO AGGRESSIVE HYBRID FUND - DIRECT PLAN - GROWTH OPTION,Canara Robeco Mutual Fund,Hybrid,Aggressive Hybrid,Hybrid Schemes - Aggressive Hybrid Fund,01-Dec-1992,INF760K01EZ8,No,2021-09-27,2026-09-25,1232,413.2,Active
119019,DSP Aggressive Hybrid Fund,DSP Aggressive Hybrid Fund - Direct Plan - Growth,DSP Mutual Fund,Hybrid,Aggressive Hybrid,Hybrid Scheme - Aggressive Hybrid Fund,03-May-1999,INF740K01NY4,No,2021-09-27,2026-09-25,1232,388.426,Active
118624,Edelweiss Aggressive Hybrid Fund,Edelweiss Aggressive Hybrid Fund-Direct Plan-Growth Option,Edelweiss Mutual Fund,Hybrid,Aggressive Hybrid,Hybrid Scheme - Aggressive Hybrid Fund,08-Jun-2009,INF754K01CE0,No,2021-09-27,2026-09-25,1233,75.09,Active
118546,Franklin India Aggressive Hybrid Fund,Franklin India Aggressive Hybrid Fund - Direct - Growth,Franklin Templeton Mutual Fund,Hybrid,Aggressive Hybrid,Hybrid Scheme - Aggressive Hybrid Fund,10-Dec-1999,INF090I01FZ1,No,2021-09-27,2026-09-25,1232,303.5278,Active
145599,Groww Aggressive Hybrid Fund,Groww Aggressive Hybrid Fund (formerly known as Indiabulls Equity Hybrid Fund) - Direct Plan - Growth option,Groww Mutual Fund,Hybrid,Aggressive Hybrid,Hybrid Schemes - Aggressive Hybrid Fund,22-Nov-2018,INF666M01FA3,No,2021-09-27,2026-09-25,1232,22.8494,Active
119062,HDFC Aggressive Hybrid Fund,HDFC Aggressive Hybrid Fund - Growth Option - Direct Plan,HDFC Mutual Fund,Hybrid,Aggressive Hybrid,Hybrid Schemes - Aggressive Hybrid Fund,28-Feb-2005,INF179K01XZ1,No,2021-09-27,2026-09-25,1232,122.048,Active
151122,HSBC Aggressive Hybrid Fund,HSBC Aggressive Hybrid Fund - Direct Growth,HSBC Mutual Fund,Hybrid,Aggressive Hybrid,Hybrid Schemes - Aggressive Hybrid Fund,17-Jan-2011,INF917K01LE4,No,2022-11-28,2026-09-25,944,68.0815,Active
120251,ICICI Prudential Aggressive Hybrid Fund,ICICI Prudential Aggressive Hybrid Fund - Direct Plan - Growth,ICICI Prudential Mutual Fund,Hybrid,Aggressive Hybrid,Hybrid Schemes - Aggressive Hybrid Fund,01-Jan-2000,INF109K01Y07,No,2021-09-27,2026-09-25,1232,445.59,Active
143537,Invesco India Aggressive Hybrid Fund,Invesco India Aggressive Hybrid Fund - Direct Plan - Growth,Invesco Mutual Fund,Hybrid,Aggressive Hybrid,Hybrid Schemes - Aggressive Hybrid Fund,11-Jun-2018,INF205K014Q7,No,2021-09-27,2026-09-25,1232,23.8056,Active
120484,JM Aggressive Hybrid Fund,JM Aggressive Hybrid Fund (Direct) - Growth Option,JM Financial Mutual Fund,Hybrid,Aggressive Hybrid,Hybrid Schemes - Aggressive Hybrid Fund,01-Apr-1995,INF192K01BQ9,No,2021-09-27,2026-09-25,1232,138.7133,Active
133035,Kotak Aggressive Hybrid Fund,Kotak Aggressive Hybrid Fund - Direct Plan -Growth,Kotak Mahindra Mutual Fund,Hybrid,Aggressive Hybrid,Hybrid Scheme - Aggressive Hybrid Fund,29-Nov-1999,INF174K01F00,No,2021-09-27,2026-09-25,1232,76.366,Active
120261,LIC MF Aggressive Hybrid Fund,LIC MF Aggressive Hybrid Fund-Direct Plan-Growth,LIC Mutual Fund,Hybrid,Aggressive Hybrid,Hybrid Scheme - Aggressive Hybrid Fund,01-Jan-1991,INF767K01ED0,No,2021-09-27,2026-09-25,1232,234.8871,Active
147446,Mahindra Manulife Aggressive Hybrid Fund,Mahindra Manulife Aggressive Hybrid Fund - Direct Plan -Growth,Mahindra Manulife Mutual Fund,Hybrid,Aggressive Hybrid,Hybrid Schemes - Aggressive Hybrid Fund,28-Jun-2019,INF174V01788,No,2021-09-27,2026-09-25,1232,29.6954,Active
134813,Mirae Asset Aggressive Hybrid Fund,Mirae Asset Aggressive Hybrid Fund - Direct Plan - Growth,Mirae Asset Mutual Fund,Hybrid,Aggressive Hybrid,Hybrid Schemes - Aggressive Hybrid Fund,08-Jul-2015,INF769K01DH9,No,2021-09-27,2026-09-25,1232,38.883,Active
143163,Navi Aggressive Hybrid Fund,Navi Aggressive Hybrid Fund - Direct Plan - Growth,Navi Mutual Fund,Hybrid,Aggressive Hybrid,Hybrid Scheme - Aggressive Hybrid Fund,09-Apr-2018,INF959L01CX3,No,2021-09-27,2026-09-25,1233,25.8187,Active
118794,Nippon India Aggressive Hybrid Fund (Existing Number of Segregated Portfolios - 2),Nippon India Aggressive Hybrid Fund  - Direct Plan Growth Plan,Nippon India Mutual Fund,Hybrid,Aggressive Hybrid,Hybrid Schemes - Aggressive Hybrid Fund,10-May-2005,INF204K01B08,No,2021-09-27,2026-09-25,1232,119.1275,Active
138386,PGIM India Aggressive Hybrid Equity Fund,PGIM India Aggressive Hybrid Equity Fund - Direct Plan - Growth,PGIM India Mutual Fund,Hybrid,Aggressive Hybrid,Hybrid Scheme - Aggressive Hybrid Fund,15-Jan-2004,INF663L01GX2,No,2021-09-27,2026-09-25,1231,153.88,Active
120819,Quant Aggressive Hybrid Fund,quant Aggressive Hybrid Fund-Growth Option-Direct Plan,quant Mutual Fund,Hybrid,Aggressive Hybrid,Hybrid Scheme - Aggressive Hybrid Fund,19-Feb-2001,INF966L01556,No,2021-09-27,2026-09-25,1232,504.1792,Active
119609,SBI AGGRESSIVE HYBRID FUND,SBI AGGRESIVE HYBRID FUND - DIRECT PLAN - Growth,SBI Mutual Fund,Hybrid,Aggressive Hybrid,Hybrid Schemes - Aggressive Hybrid Fund,01-Jan-2005,INF200K01RY0,No,2021-09-27,2026-09-25,1241,344.1641,Active
125711,Shriram Aggressive Hybrid Fund,Shriram Aggressive Hybrid Fund- Direct Growth,Shriram Mutual Fund,Hybrid,Aggressive Hybrid,Hybrid Schemes - Aggressive Hybrid Fund,08-Nov-2013,INF680P01042,No,2021-09-27,2026-09-25,1232,36.4883,Active
149601,Sundaram Aggressive Hybrid Fund (Formerly Known as Principal Hybrid Equity Fund),Sundaram Aggressive Hybrid Fund (Formerly Known as Principal Hybrid Equity Fund)- Direct Plan - Growth Option,Sundaram Mutual Fund,Hybrid,Aggressive Hybrid,Hybrid Scheme - Aggressive Hybrid Fund,09-Dec-1999,INF173K01FE6,No,2022-01-03,2026-09-25,1166,181.6562,Active
119053,Tata Aggressive Hybrid Fund,Tata Aggressive Hybrid Fund -Direct Plan- Growth Option,Tata Mutual Fund,Hybrid,Aggressive Hybrid,Hybrid Scheme - Aggressive Hybrid Fund,30-Aug-1995,INF277K01MN2,No,2021-09-27,2026-09-25,1232,484.0287,Active
148592,Union Aggressive Hybrid Fund,Union Aggressive Hybrid Fund - Direct Plan - Growth Option,Union Mutual Fund,Hybrid,Aggressive Hybrid,Hybrid Scheme - Aggressive Hybrid Fund,27-Nov-2020,INF582M01GY0,No,2021-09-27,2026-09-25,1231,19.62,Active
120674,UTI Aggressive Hybrid Fund,UTI Aggressive Hybrid Fund -Direct Plan - Growth,UTI Mutual Fund,Hybrid,Aggressive Hybrid,Hybrid Scheme - Aggressive Hybrid Fund,02-Jan-1995,INF789F01SK9,No,2021-09-27,2026-09-25,1232,431.7441,Active
154392,WhiteOak Capital Aggressive Hybrid Fund,WhiteOak Capital Aggressive Hybrid Fund Direct Plan Growth,WhiteOak Capital Mutual Fund,Hybrid,Aggressive Hybrid,Hybrid Schemes - Aggressive Hybrid Fund,08-Jun-2026,INF03VN01AF8,No,2026-07-01,2026-09-25,62,10.255,Active
119526,ADITYA BIRLA SUN LIFE ARBITRAGE FUND,Aditya Birla Sun Life Arbitrage Fund - Growth - Direct Plan,Aditya Birla Sun Life Mutual Fund,Hybrid,Arbitrage,Hybrid Scheme - Arbitrage Fund,14-Jul-2009,INF209K01VP1,No,2021-09-27,2026-09-25,1232,30.9965,Active
130773,Axis Arbitrage Fund,Axis Arbitrage Fund - Direct Plan - Growth,Axis Mutual Fund,Hybrid,Arbitrage,Hybrid Schemes - Arbitrage Fund,25-Jul-2014,INF846K01PZ1,No,2021-09-27,2026-09-25,1240,21.9716,Active
152077,Bajaj Finserv Arbitrage Fund,Bajaj Finserv Arbitrage Fund-Direct Plan-Growth,Bajaj Finserv Mutual Fund,Hybrid,Arbitrage,Hybrid Scheme - Arbitrage Fund,08-Sep-2023,INF0QA701524,No,2023-09-18,2026-09-25,743,12.283,Active
118474,BANDHAN Arbitrage Fund,BANDHAN Arbitrage Fund-Direct Plan- Growth,Bandhan Mutual Fund,Hybrid,Arbitrage,Hybrid Scheme - Arbitrage Fund,14-Nov-2006,INF194K01Y60,No,2021-09-27,2026-09-25,1241,37.9129,Active
143614,BANK OF INDIA ARBITRAGE FUND,BANK OF INDIA Arbitrage Fund Direct Plan Growth,Bank of India Mutual Fund,Hybrid,Arbitrage,Hybrid Scheme - Arbitrage Fund,31-May-2018,INF761K01ED3,No,2021-09-27,2026-09-25,1232,15.487,Active
150251,BARODA BNP PARIBAS ARBITRAGE FUND,BARODA BNP PARIBAS ARBITRAGE FUND-DIRECT PLAN-GROWTH OPTION,Baroda BNP Paribas Mutual Fund,Hybrid,Arbitrage,Hybrid Scheme - Arbitrage Fund,08-Dec-2016,INF251K01OT0,No,2022-03-14,2026-09-25,1118,18.311,Active
154236,Capitalmind Arbitrage Fund,Capitalmind Arbitrage Fund-Direct-Growth,Capitalmind Mutual Fund,Hybrid,Arbitrage,Hybrid Scheme - Arbitrage Fund,23-Feb-2026,INF226401117,No,2026-03-20,2026-09-25,129,10.3222,Active
142283,DSP Arbitrage fund,DSP Arbitrage Fund - Direct - Growth,DSP Mutual Fund,Hybrid,Arbitrage,Hybrid Scheme - Arbitrage Fund,15-Jan-2018,INF740KA1DN4,No,2021-09-27,2026-09-25,1232,16.896,Active
130206,Edelweiss Arbitrage Fund,Edelweiss Arbitrage Fund- Direct Plan- Growth Option,Edelweiss Mutual Fund,Hybrid,Arbitrage,Hybrid Scheme - Arbitrage Fund,12-Jun-2014,INF754K01EA4,No,2021-09-27,2026-09-25,1233,22.5015,Active
153043,Franklin India Arbitrage Fund,Franklin India Arbitrage Fund - Direct - Growth,Franklin Templeton Mutual Fund,Hybrid,Arbitrage,Hybrid Scheme - Arbitrage Fund,04-Nov-2024,INF090I01XS9,No,2024-11-19,2026-09-25,458,11.3433,Active
154320,Groww Arbitrage Fund,Groww Arbitrage Fund Direct Growth,Groww Mutual Fund,Hybrid,Arbitrage,Hybrid Schemes - Arbitrage Fund,08-Apr-2026,INF666M01ON8,No,2026-04-29,2026-09-25,104,10.2551,Active
129052,HDFC Arbitrage Fund,HDFC ARBITRAGE FUND -Direct Plan - Growth Option,HDFC Mutual Fund,Hybrid,Arbitrage,Hybrid Scheme - Arbitrage Fund,28-Sep-2007,INF179KA1KT6,No,2021-09-27,2026-09-25,1232,21.806,Active
154257,Helios Arbitrage Fund,Helios Arbitrage Fund - Direct Growth,Helios Mutual Fund,Hybrid,Arbitrage,Hybrid Schemes - Arbitrage Fund,09-Mar-2026,INF0R8701442,No,2026-03-23,2026-09-25,128,10.3,Active
151138,HSBC Arbitrage Fund,HSBC Arbitrage Fund - Direct Growth,HSBC Mutual Fund,Hybrid,Arbitrage,Hybrid Schemes - Arbitrage Fund,26-Jun-2014,INF917K01QR5,No,2022-11-28,2026-09-25,944,21.9615,Active
120364,ICICI Prudential Arbitrage Fund,ICICI Prudential Arbitrage Fund - Direct Plan - Growth,ICICI Prudential Mutual Fund,Hybrid,Arbitrage,Hybrid Schemes - Arbitrage Fund,08-Nov-2006,INF109K016O4,No,2021-09-27,2026-09-25,1232,39.7789,Active
120401,Invesco India Arbitrage Fund,Invesco India Arbitrage Fund - Direct Plan - Growth Option,Invesco Mutual Fund,Hybrid,Arbitrage,Hybrid Schemes - Arbitrage Fund,10-Apr-2007,INF205K01KR8,No,2021-09-27,2026-09-25,1232,37.3869,Active
147617,ITI Arbitrage Fund,ITI Arbitrage Fund - Direct Plan - Growth Option,ITI Mutual Fund,Hybrid,Arbitrage,Hybrid Scheme - Arbitrage Fund,20-Aug-2019,INF00XX01440,No,2021-09-27,2026-09-25,1231,14.6051,Active
154076,JioBlackRock Arbitrage Fund,JioBlackRock Arbitrage Fund - Direct Plan - Growth Option,Jio BlackRock Mutual Fund,Hybrid,Arbitrage,Hybrid Schemes - Arbitrage Fund,09-Dec-2025,INF22M001101,No,2025-12-19,2026-09-25,190,10.5417,Active
120482,JM Arbitrage Fund,JM Arbitrage Fund (Direct) - Growth Option,JM Financial Mutual Fund,Hybrid,Arbitrage,Hybrid Schemes - Arbitrage Fund,01-Jun-2006,INF192K01BN6,No,2021-09-27,2026-09-25,1232,37.4834,Active
119771,Kotak Arbitrage Fund,Kotak Arbitrage Fund - Direct Plan - Growth,Kotak Mahindra Mutual Fund,Hybrid,Arbitrage,Hybrid Scheme - Arbitrage Fund,12-Sep-2005,INF174K01LC6,No,2021-09-27,2026-09-25,1232,43.337,Active
145895,LIC MF Arbitrage Fund,LIC MF Arbitrage Fund-Direct Plan-Growth,LIC Mutual Fund,Hybrid,Arbitrage,Hybrid Scheme - Arbitrage Fund,04-Jan-2019,INF767K01PP0,No,2021-09-27,2026-09-25,1232,15.6118,Active
148468,Mahindra Manulife Arbitrage Fund,Mahindra Manulife Arbitrage Fund - Direct Plan -Growth,Mahindra Manulife Mutual Fund,Hybrid,Arbitrage,Hybrid Schemes - Arbitrage Fund,12-Aug-2020,INF174V01AA0,No,2021-09-27,2026-09-25,1232,13.8172,Active
148401,Mirae Asset Arbitrage Fund,Mirae Asset Arbitrage Fund - Direct Plan - Growth,Mirae Asset Mutual Fund,Hybrid,Arbitrage,Hybrid Schemes - Arbitrage Fund,03-Jun-2020,INF769K01FS1,No,2021-09-27,2026-09-25,1232,14.618,Active
153187,Motilal Oswal Arbitrage Fund,Motilal Oswal Arbitrage Fund-Direct Plan-Growth,Motilal Oswal Mutual Fund,Hybrid,Arbitrage,Hybrid Scheme - Arbitrage Fund,16-Dec-2024,INF247L01ED1,No,2024-12-27,2026-09-25,432,11.3035,Active
118585,Nippon India Arbitrage Fund,Nippon India Arbitrage Fund - Direct Plan Growth Plan - Growth Option,Nippon India Mutual Fund,Hybrid,Arbitrage,Hybrid Scheme - Arbitrage Fund,24-Sep-2010,INF204K01XZ7,No,2021-09-27,2026-09-25,1232,31.0342,Active
150367,NJ Arbitrage Fund,NJ Arbitrage Fund - Direct Plan - Growth Option,NJ Mutual Fund,Hybrid,Arbitrage,Hybrid Schemes - Arbitrage Fund,29-Jul-2022,INF0J8L01065,No,2022-08-02,2026-09-25,1021,13.1687,Active
153979,Old Bridge Arbitrage Fund,Old Bridge Arbitrage Fund Direct Growth,Old Bridge Mutual Fund,Hybrid,Arbitrage,Hybrid Scheme - Arbitrage Fund,06-Nov-2025,INF0S5R01125,No,2025-11-14,2026-09-25,215,10.5596,Active
152109,Parag Parikh Arbitrage Fund,Parag Parikh Arbitrage Fund - Direct Plan Growth,PPFAS Mutual Fund,Hybrid,Arbitrage,Hybrid Scheme - Arbitrage Fund,23-Oct-2023,INF879O01225,No,2023-11-03,2026-09-25,713,12.1701,Active
138875,PGIM India Arbitrage Fund,PGIM India Arbitrage Fund - Direct Plan - Growth,PGIM India Mutual Fund,Hybrid,Arbitrage,Hybrid Scheme - Arbitrage Fund,13-Aug-2014,INF223J013N7,No,2021-09-27,2026-09-25,1232,21.1663,Active
153426,quant Arbitrage Fund,quant Arbitrage Fund - Growth Option - Direct Plan,quant Mutual Fund,Hybrid,Arbitrage,Hybrid Scheme - Arbitrage Fund,18-Mar-2025,INF966L01DW8,No,2025-04-07,2026-09-25,363,11.1143,Active
153090,Samco Arbitrage Fund,Samco Arbitrage Fund - Direct Plan - Growth,Samco Mutual Fund,Hybrid,Arbitrage,Hybrid Scheme - Arbitrage Fund,11-Nov-2024,INF0K1H01214,No,2024-11-29,2026-09-25,451,10.97,Active
149550,Sundaram Arbitrage Fund(Formerly Known as Prinicpal Arbitrage Fund),Sundaram Arbitrage Fund (Formerly Known as Prinicpal Arbitrage Fund) - Direct Plan - Growth,Sundaram Mutual Fund,Hybrid,Arbitrage,Hybrid Scheme - Arbitrage Fund,28-Mar-2016,INF173K01NF7,No,2022-01-03,2026-09-25,1166,16.4962,Active
145724,Tata Arbitrage Fund,Tata Arbitrage Fund-Direct Plan-Growth,Tata Mutual Fund,Hybrid,Arbitrage,Hybrid Scheme - Arbitrage Fund,10-Dec-2018,INF277K017Q3,No,2021-09-27,2026-09-25,1233,16.3709,Active
153891,The Wealth Company Arbitrage Fund,THE WEALTH COMPANY ARBITRAGE FUND DIRECT GROWTH,The Wealth Company Mutual Fund,Hybrid,Arbitrage,Hybrid Scheme - Arbitrage Fund,24-Sep-2025,INF2F0001271,No,2025-10-17,2026-09-25,232,10.6172,Active
153804,TRUSTMF ARBITRAGE FUND,TRUSTMF ARBITRAGE FUND -DIRECT PLAN-GROWTH,Trust Mutual Fund,Hybrid,Arbitrage,Hybrid Scheme - Arbitrage Fund,18-Aug-2025,INF0GCD01859,No,2025-09-01,2026-09-25,265,10.6882,Active
146297,Union Arbitrage Fund,Union Arbitrage Fund - Direct Plan - Growth Option,Union Mutual Fund,Hybrid,Arbitrage,Hybrid Scheme - Arbitrage Fund,30-Jan-2019,INF582M01ES7,No,2021-09-27,2026-09-25,1231,15.6881,Active
120795,UTI - Arbitrage Fund,UTI Arbitrage Fund - Direct Plan - Growth Option,UTI Mutual Fund,Hybrid,Arbitrage,Hybrid Schemes - Arbitrage Fund,09-Jun-2006,INF789FB1RG6,No,2021-09-27,2026-09-25,1232,40.3273,Active
152849,WhiteOak Capital Arbitrage Fund,WhiteOak Capital Arbitrage Fund Direct Plan Growth,WhiteOak Capital Mutual Fund,Hybrid,Arbitrage,Hybrid Schemes - Arbitrage Fund,28-Aug-2024,INF03VN01910,No,2024-09-10,2026-09-25,505,11.546,Active
154619,Zerodha Arbitrage Fund,Zerodha Arbitrage Fund - Direct - Growth,Zerodha Mutual Fund,Hybrid,Arbitrage,Hybrid Schemes - Arbitrage Fund,12-Aug-2026,INF0R8F01232,No,2026-08-20,2026-09-25,26,10.0598,Active
131670,Aditya Birla Sun Life Balanced Advantage Fund,Aditya Birla Sun Life Balanced Advantage Fund - Direct Plan - Growth Option,Aditya Birla Sun Life Mutual Fund,Hybrid,Balanced Advantage,Hybrid Scheme - Dynamic Asset Allocation or Balanced Advantage,15-Mar-2000,INF084M01DJ5,No,2021-09-27,2026-09-25,1233,128.86,Active
141642,Axis Balanced Advantage Fund,Axis Balanced Advantage Fund - Direct Plan - Growth,Axis Mutual Fund,Hybrid,Balanced Advantage,Hybrid Schemes - Balanced Advantage Fund/ Dynamic Asset Allocation,11-Jul-2017,INF846K01A29,No,2021-09-27,2026-09-25,1240,23.87,Active
152194,Bajaj Finserv Balanced Advantage Fund,Bajaj Finserv Balanced Advantage Fund-Direct Plan-Growth,Bajaj Finserv Mutual Fund,Hybrid,Balanced Advantage,Hybrid Scheme - Dynamic Asset Allocation or Balanced Advantage,24-Nov-2023,INF0QA701656,No,2023-12-18,2026-09-25,684,12.043,Active
131355,BANDHAN Balanced Advantage Fund,BANDHAN Balanced Advantage Fund Direct Plan Growth,Bandhan Mutual Fund,Hybrid,Balanced Advantage,Hybrid Scheme - Dynamic Asset Allocation or Balanced Advantage,17-Sep-2014,INF194KA1UH1,No,2021-09-27,2026-09-25,1241,29.407,Active
127850,BANK OF INDIA BALANCED ADVANTAGE FUND,BANK OF INDIA BALANCED ADVANTAGE FUND DIRECT PLAN  GROWTH,Bank of India Mutual Fund,Hybrid,Balanced Advantage,Hybrid Scheme - Dynamic Asset Allocation or Balanced Advantage,21-Feb-2014,INF761K01BO6,No,2021-09-27,2026-09-25,1232,28.0412,Active
145396,Baroda BNP Paribas Balanced Advantage Fund,Baroda BNP Paribas Balanced Advantage Fund-Direct Plan-Growth Option,Baroda BNP Paribas Mutual Fund,Hybrid,Balanced Advantage,Hybrid Schemes - Balanced Advantage Fund/ Dynamic Asset Allocation,22-Oct-2018,INF955L01HF7,No,2021-09-27,2026-09-25,1233,28.0336,Active
152688,Canara Robeco Balanced Advantage Fund,Canara Robeco Balanced Advantage Fund - Direct Plan - Growth Option,Canara Robeco Mutual Fund,Hybrid,Balanced Advantage,Hybrid Schemes - Balanced Advantage Fund/ Dynamic Asset Allocation,12-Jul-2024,INF760K01LD0,No,2024-08-06,2026-09-25,529,10.36,Active
126393,DSP Dynamic Asset Allocation Fund,DSP Dynamic Asset Allocation Fund - Direct Plan - Growth,DSP Mutual Fund,Hybrid,Balanced Advantage,Hybrid Scheme - Dynamic Asset Allocation or Balanced Advantage,17-Jan-2014,INF740K01K81,No,2021-09-27,2026-09-25,1232,32.88,Active
118615,Edelweiss Balanced Advantage Fund,Edelweiss Balanced Advantage Fund -Direct Plan-Growth Option,Edelweiss Mutual Fund,Hybrid,Balanced Advantage,Hybrid Scheme - Dynamic Asset Allocation or Balanced Advantage,03-Aug-2009,INF754K01BS2,No,2021-09-27,2026-09-25,1233,60.49,Active
150481,Franklin India Balanced Advantage Fund,Franklin India Balanced Advantage Fund- Growth- Direct,Franklin Templeton Mutual Fund,Hybrid,Balanced Advantage,Hybrid Scheme - Dynamic Asset Allocation or Balanced Advantage,16-Aug-2022,INF090I01WQ5,No,2022-09-06,2026-09-25,998,15.2147,Active
118968,HDFC Balanced Advantage Fund,HDFC Balanced Advantage Fund - Growth Plan - Direct Plan,HDFC Mutual Fund,Hybrid,Balanced Advantage,Hybrid Scheme - Dynamic Asset Allocation or Balanced Advantage,20-Jul-2000,INF179K01WA6,No,2021-09-27,2026-09-25,1232,557.728,Active
152509,Helios Balanced Advantage Fund,Helios Balanced Advantage Fund- Direct Plan- Growth Option,Helios Mutual Fund,Hybrid,Balanced Advantage,Hybrid Schemes - Balanced Advantage Fund/ Dynamic Asset Allocation,11-Mar-2024,INF0R8701145,No,2024-03-28,2026-09-25,616,11.84,Active
151129,HSBC Balanced Advantage Fund,HSBC Balanced Advantage Fund - Direct Growth,HSBC Mutual Fund,Hybrid,Balanced Advantage,Hybrid Schemes - Balanced Advantage Fund/ Dynamic Asset Allocation,17-Jan-2011,INF917K01IN1,No,2022-11-28,2026-09-25,944,51.5108,Active
120377,ICICI Prudential Balanced Advantage Fund,ICICI Prudential Balanced Advantage Fund - Direct Plan -  Growth,ICICI Prudential Mutual Fund,Hybrid,Balanced Advantage,Hybrid Scheme - Dynamic Asset Allocation or Balanced Advantage,08-Nov-2006,INF109K012B0,No,2021-09-27,2026-09-25,1232,86.91,Active
120333,Invesco India Balanced Advantage Fund,Invesco India Balanced Advantage Fund - Direct Plan - Growth,Invesco Mutual Fund,Hybrid,Balanced Advantage,Hybrid Schemes - Balanced Advantage Fund/ Dynamic Asset Allocation,16-Aug-2007,INF205K01LN5,No,2021-09-27,2026-09-25,1232,62.45,Active
147789,ITI Balanced Advantage Fund,ITI Balanced Advantage Fund - Direct Plan - Growth Option,ITI Mutual Fund,Hybrid,Balanced Advantage,Hybrid Scheme - Dynamic Asset Allocation or Balanced Advantage,09-Dec-2019,INF00XX01689,No,2021-09-27,2026-09-25,1231,16.3556,Active
144335,Kotak Balanced Advantage Fund,Kotak Balanced Advantage Fund  - Direct Plan -Growth Option,Kotak Mahindra Mutual Fund,Hybrid,Balanced Advantage,Hybrid Scheme - Dynamic Asset Allocation or Balanced Advantage,13-Jul-2018,INF174KA1210,No,2021-09-27,2026-09-25,1232,22.842,Active
149261,LIC MF Balanced Advantage Fund,LIC MF Balanced Advantage Fund-Direct Plan-Growth,LIC Mutual Fund,Hybrid,Balanced Advantage,Hybrid Scheme - Dynamic Asset Allocation or Balanced Advantage,20-Oct-2021,INF767K01QY0,No,2021-11-15,2026-09-25,1200,14.7975,Active
149406,Mahindra Manulife Balanced Advantage Fund,Mahindra Manulife Balanced Advantage Fund - Direct Plan - Growth,Mahindra Manulife Mutual Fund,Hybrid,Balanced Advantage,Hybrid Schemes - Balanced Advantage Fund/ Dynamic Asset Allocation,09-Dec-2021,INF174V01BE0,No,2022-01-03,2026-09-25,1166,15.9831,Active
150470,Mirae Asset Balanced Advantage Fund,Mirae Asset Balanced Advantage Fund - Direct Plan - Growth,Mirae Asset Mutual Fund,Hybrid,Balanced Advantage,Hybrid Schemes - Balanced Advantage Fund/ Dynamic Asset Allocation,21-Jul-2022,INF769K01IN6,No,2022-08-12,2026-09-25,1014,15.386,Active
139872,Motilal Oswal Balanced Advantage Fund,Motilal Oswal Balanced Advantage Fund  (MOFDYNAMIC) - Direct Plan - Growth Option,Motilal Oswal Mutual Fund,Hybrid,Balanced Advantage,Hybrid Scheme - Dynamic Asset Allocation or Balanced Advantage,06-Sep-2016,INF247L01635,No,2021-09-27,2026-09-25,1232,21.9455,Active
118736,Nippon India Balanced Advantage Fund,Nippon India Balanced Advantage Fund - Direct Plan Growth Plan - Growth Option,Nippon India Mutual Fund,Hybrid,Balanced Advantage,Hybrid Schemes - Balanced Advantage Fund/ Dynamic Asset Allocation,16-Oct-2004,INF204K01G94,No,2021-09-27,2026-09-25,1232,207.3616,Active
149264,NJ Balanced Advantage Fund,NJ Balanced Advantage Fund - Direct Plan - Growth Option,NJ Mutual Fund,Hybrid,Balanced Advantage,Hybrid Schemes - Balanced Advantage Fund/ Dynamic Asset Allocation,08-Oct-2021,INF0J8L01040,No,2021-11-01,2026-09-25,1208,14.39,Active
152468,Parag Parikh Dynamic Asset Allocation Fund,Parag Parikh Dynamic Asset Allocation Fund - Direct Plan Growth,PPFAS Mutual Fund,Hybrid,Balanced Advantage,Hybrid Scheme - Dynamic Asset Allocation or Balanced Advantage,20-Feb-2024,INF879O01266,No,2024-02-28,2026-09-25,625,11.8201,Active
148658,PGIM India Balanced Advantage Fund,PGIM India Balanced Advantage Fund -  Direct Plan - Growth Option,PGIM India Mutual Fund,Hybrid,Balanced Advantage,Hybrid Scheme - Dynamic Asset Allocation or Balanced Advantage,15-Jan-2021,INF663L01V49,No,2021-09-27,2026-09-25,1232,16.22,Active
151713,quant Dynamic Asset Allocation Fund,quant Dynamic Asset Allocation Fund - Growth Option - Direct Plan,quant Mutual Fund,Hybrid,Balanced Advantage,Hybrid Scheme - Dynamic Asset Allocation or Balanced Advantage,23-Mar-2023,INF966L01BL5,No,2023-04-13,2026-09-25,851,16.9539,Active
152188,Samco Dynamic Asset Allocation Fund,Samco Dynamic Asset Allocation Fund - Direct Plan - Growth Option,Samco Mutual Fund,Hybrid,Balanced Advantage,Hybrid Scheme - Dynamic Asset Allocation or Balanced Advantage,07-Dec-2023,INF0K1H01131,No,2024-01-04,2026-09-25,672,10.59,Active
149134,SBI Balanced Advantage Fund,SBI Balanced Advantage Fund - Direct Plan - Growth,SBI Mutual Fund,Hybrid,Balanced Advantage,Hybrid Scheme - Dynamic Asset Allocation or Balanced Advantage,12-Aug-2021,INF200KA1Y73,No,2021-09-27,2026-09-25,1240,16.3791,Active
147406,Shriram Balanced Advantage Fund,Shriram Balanced Advantage Fund - Direct Growth,Shriram Mutual Fund,Hybrid,Balanced Advantage,Hybrid Schemes - Balanced Advantage Fund/ Dynamic Asset Allocation,14-Jun-2019,INF680P01208,No,2021-09-27,2026-09-25,1232,18.5662,Active
149717,Sundaram Dynamic Asset Allocation Fund (Formerly Known as Sundaram Balanced Advantage Fund),Sundaram Dynamic Asset Allocation Fund Direct Plan - Growth,Sundaram Mutual Fund,Hybrid,Balanced Advantage,Hybrid Schemes - Balanced Advantage Fund/ Dynamic Asset Allocation,26-Nov-2010,INF173K01FI7,No,2022-01-03,2026-09-25,1166,41.1899,Active
146010,Tata Balanced Advantage Fund,Tata Balanced Advantage Fund-Direct Plan-Growth,Tata Mutual Fund,Hybrid,Balanced Advantage,Hybrid Scheme - Dynamic Asset Allocation or Balanced Advantage,09-Jan-2019,INF277K013S8,No,2021-09-27,2026-09-25,1232,22.9539,Active
154185,The Wealth Company Balanced Advantage Fund,The Wealth Company Balanced Advantage Fund - Direct Growth,The Wealth Company Mutual Fund,Hybrid,Balanced Advantage,Hybrid Scheme - Dynamic Asset Allocation or Balanced Advantage,27-Jan-2026,INF2F0001479,No,2026-02-19,2026-09-25,149,9.9958,Active
153376,UNIFI DYNAMIC ASSET ALLOCATION FUND,Unifi Dynamic Asset Allocation Fund - Direct Growth,Unifi Mutual Fund,Hybrid,Balanced Advantage,Hybrid Scheme - Dynamic Asset Allocation or Balanced Advantage,03-Mar-2025,INF1MIY01015,No,2025-03-17,2026-09-25,378,11.3261,Active
142038,Union Balanced Advantage Fund,Union Balanced Advantage Fund - Direct Plan - Growth Option,Union Mutual Fund,Hybrid,Balanced Advantage,Hybrid Scheme - Dynamic Asset Allocation or Balanced Advantage,07-Dec-2017,INF582M01DE9,No,2021-09-27,2026-09-25,1231,22.21,Active
151885,UTI Balanced Advantage Fund,UTI Balanced Advantage Fund - Direct Plan - Growth Option,UTI Mutual Fund,Hybrid,Balanced Advantage,Hybrid Schemes - Balanced Advantage Fund/ Dynamic Asset Allocation,21-Jul-2023,INF789F1AYV3,No,2023-08-17,2026-09-25,765,12.8203,Active
151267,WhiteOak Capital Balanced Advantage Fund,WhiteOak Capital Balanced Advantage Fund Direct Plan Growth,WhiteOak Capital Mutual Fund,Hybrid,Balanced Advantage,Hybrid Schemes - Balanced Advantage Fund/ Dynamic Asset Allocation,20-Jan-2023,INF03VN01738,No,2023-02-13,2026-09-25,890,15.465,Active
152076,360 ONE Balanced Hybrid Fund,360 ONE Balanced Hybrid Fund- Direct Plan - Growth,360 ONE Mutual Fund,Hybrid,Balanced Hybrid,Hybrid Schemes - Balanced Hybrid Fund,04-Sep-2023,INF579M01AY9,No,2023-10-03,2026-09-25,722,13.6826,Active
154417,ICICI Prudential Balanced Hybrid Fund,ICICI Prudential Balanced Hybrid Fund - Direct Plan - Growth,ICICI Prudential Mutual Fund,Hybrid,Balanced Hybrid,Hybrid Scheme - Balanced Hybrid Fund,30-Jun-2026,INF109K1A518,No,2026-07-20,2026-09-25,49,10.08,Active
154618,SBI Balanced Hybrid Fund,SBI Balance Hybrid Fund - Direct Plan - Growth,SBI Mutual Fund,Hybrid,Balanced Hybrid,Hybrid Schemes - Balanced Hybrid Fund,10-Aug-2026,INF200KB1CA5,No,2026-09-04,2026-09-25,15,9.9936,Active
154628,UTI Balanced Hybrid Fund,UTI Balanced Hybrid Fund-Direct Plan Growth Option,UTI Mutual Fund,Hybrid,Balanced Hybrid,Hybrid Schemes - Balanced Hybrid Fund,14-Aug-2026,INF789F1AH18,No,2026-09-07,2026-09-25,14,10.0014,Active
152132,WhiteOak Capital Balanced Hybrid Fund,WhiteOak Capital Balanced Hybrid Fund Direct Plan Growth,WhiteOak Capital Mutual Fund,Hybrid,Balanced Hybrid,Hybrid Schemes - Balanced Hybrid Fund,05-Oct-2023,INF03VN01829,No,2023-10-30,2026-09-25,704,13.79,Active
120705,Aditya Birla Sun Life Conservative Hybrid Fund,Aditya Birla Sun Life Conservative Hybrid Fund - Growth / Payment - Direct Plan,Aditya Birla Sun Life Mutual Fund,Hybrid,Conservative Hybrid,Hybrid Schemes - Conservative Hybrid Fund,12-Apr-2004,INF209K01XH4,No,2021-09-27,2026-09-25,1212,78.7909,Active
120480,Axis Conservative Hybrid Fund,Axis Conservative Hybrid Fund - Direct Plan - Growth Option,Axis Mutual Fund,Hybrid,Conservative Hybrid,Hybrid Schemes - Conservative Hybrid Fund,24-May-2010,INF846K01EA8,No,2021-09-27,2026-09-25,1219,35.7904,Active
118491,BANDHAN CONSERVATIVE HYBRID FUND,BANDHAN Conservative Hybrid Fund-Direct Plan-Growth,Bandhan Mutual Fund,Hybrid,Conservative Hybrid,Hybrid Scheme - Conservative Hybrid Fund,11-Jan-2010,INF194K015B9,No,2021-09-27,2026-09-25,1220,37.1238,Active
150206,BARODA BNP PARIBAS CONSERVATIVE HYBRID FUND,BARODA BNP PARIBAS Conservative Hybrid Fund - Direct Plan - Growth Option,Baroda BNP Paribas Mutual Fund,Hybrid,Conservative Hybrid,Hybrid Schemes - Conservative Hybrid Fund,09-Aug-2004,INF251K01HR8,No,2022-03-14,2026-09-25,1099,57.5068,Active
118309,Canara Robeco Conservative Hybrid Fund,CANARA ROBECO CONSERVATIVE HYBRID FUND - DIRECT PLAN - GROWTH OPTION,Canara Robeco Mutual Fund,Hybrid,Conservative Hybrid,Hybrid Schemes - Conservative Hybrid Fund,24-Apr-1988,INF760K01GB4,No,2021-09-27,2026-09-25,1211,115.2213,Active
118994,DSP Conservative Hybrid Fund,DSP Conservative Hybrid Fund - Direct Plan - Growth,DSP Mutual Fund,Hybrid,Conservative Hybrid,Hybrid Schemes - Conservative Hybrid Fund,27-Apr-2004,INF740K01NO5,No,2021-09-27,2026-09-25,1211,68.8431,Active
118574,Franklin India Conservative Hybrid Fund,Franklin India Conservative Hybrid Fund - Direct - GROWTH,Franklin Templeton Mutual Fund,Hybrid,Conservative Hybrid,Hybrid Scheme - Conservative Hybrid Fund,25-Sep-2000,INF090I01GF1,No,2021-09-27,2026-09-25,1232,102.3043,Active
119118,HDFC Conservative Hybrid Fund,HDFC Conservative Hybrid Fund - Growth Option - Direct Plan,HDFC Mutual Fund,Hybrid,Conservative Hybrid,Hybrid Schemes - Conservative Hybrid Fund,17-Nov-2003,INF179K01XE6,No,2021-09-27,2026-09-25,1212,88.8598,Active
120073,HSBC Conservative Hybrid Fund,HSBC Conservative Hybrid Fund - Direct Growth,HSBC Mutual Fund,Hybrid,Conservative Hybrid,Hybrid Schemes - Conservative Hybrid Fund,22-Jan-2004,INF336L01DW4,No,2021-09-27,2026-09-25,1212,71.1598,Active
120616,ICICI Prudential Conservative Hybrid Fund,ICICI Prudential Conservative Hybrid Fund - Direct Plan - Growth,ICICI Prudential Mutual Fund,Hybrid,Conservative Hybrid,Hybrid Schemes - Conservative Hybrid Fund,30-Mar-2004,INF109K01S39,No,2021-09-27,2026-09-25,1211,87.1564,Active
120154,Kotak Conservative Hybrid Fund,Kotak Conservative Hybrid Fund - Growth - Direct,Kotak Mahindra Mutual Fund,Hybrid,Conservative Hybrid,Hybrid Schemes - Conservative Hybrid Fund,02-Dec-2003,INF174K01JZ1,No,2021-09-27,2026-09-25,1211,69.5562,Active
120276,LIC MF Conservative Hybrid Fund,LIC MF Conservative Hybrid Fund-Direct Plan-Growth,LIC Mutual Fund,Hybrid,Conservative Hybrid,Hybrid Scheme - Conservative Hybrid Fund,01-Jun-2003,INF767K01EO7,No,2021-09-27,2026-09-25,1211,94.1134,Active
118726,Nippon India Conservative Hybrid Fund (Existing number of Segregated Portfolios - 1),Nippon India Conservative Hybrid  Fund - Direct Plan Growth Plan - Growth Option,Nippon India Mutual Fund,Hybrid,Conservative Hybrid,Hybrid Scheme - Conservative Hybrid Fund,10-Dec-2003,INF204K01YV4,No,2021-09-27,2026-09-25,1211,69.1206,Active
148958,Parag Parikh Conservative Hybrid Fund,Parag Parikh Conservative Hybrid Fund - Direct Plan - Growth,PPFAS Mutual Fund,Hybrid,Conservative Hybrid,Hybrid Scheme - Conservative Hybrid Fund,07-May-2021,INF879O01175,No,2021-09-27,2026-09-25,1211,16.0805,Active
119839,SBI CONSERVATIVE HYBRID FUND,SBI Conservative Hybrid Fund - Direct Plan - Growth,SBI Mutual Fund,Hybrid,Conservative Hybrid,Hybrid Scheme - Conservative Hybrid Fund,22-Feb-2001,INF200K01TS8,No,2021-09-27,2026-09-25,1220,83.8626,Active
119635,Sundaram Conservative Hybrid Fund (Formerly Known as Sundaram Debt Oriented Hybrid Fund),Sundaram Conservative Hybrid Fund (Formerly Known as Sundaram Debt Oriented Hybrid Fund) Direct Plan - Growth,Sundaram Mutual Fund,Hybrid,Conservative Hybrid,Hybrid Scheme - Conservative Hybrid Fund,21-Jan-2010,INF903J01OP6,No,2021-09-27,2026-09-25,1210,32.4299,Active
120779,UTI Conservative Hybrid Fund,UTI Conservative Hybrid Fund - Direct Plan - Growth Option,UTI Mutual Fund,Hybrid,Conservative Hybrid,Hybrid Schemes - Conservative Hybrid Fund,01-Dec-2003,INF789F01UJ7,No,2021-09-27,2026-09-25,1211,76.4547,Active
132995,Aditya Birla Sun Life Equity Savings Fund,Aditya Birla Sun Life Equity Savings Fund - Direct Plan - Growth,Aditya Birla Sun Life Mutual Fund,Hybrid,Equity Savings,Hybrid Scheme - Equity Savings,11-Nov-2014,INF209KA1TP9,No,2021-09-27,2026-09-25,1232,25.94,Active
135120,Axis Equity Savings Fund,Axis Equity Savings Fund - Direct Plan - Growth,Axis Mutual Fund,Hybrid,Equity Savings,Hybrid Schemes - Equity Savings Fund,27-Jul-2015,INF846K01VJ3,No,2021-09-27,2026-09-25,1240,26.45,Active
153758,Bajaj Finserv Equity Savings Fund,BAJAJ FINSERV EQUITY SAVINGS FUND - DIRECT - GROWTH,Bajaj Finserv Mutual Fund,Hybrid,Equity Savings,Hybrid Scheme - Equity Savings,28-Jul-2025,INF0QA701BT9,No,2025-08-21,2026-09-25,270,10.574,Active
118477,BANDHAN EQUITY SAVINGS FUND,BANDHAN Equity Savings Fund-Direct Plan-Growth,Bandhan Mutual Fund,Hybrid,Equity Savings,Hybrid Scheme - Equity Savings,05-May-2008,INF194K01Z02,No,2021-09-27,2026-09-25,1241,36.306,Active
147496,Baroda BNP Paribas Equity Savings Fund,Baroda BNP Paribas Equity Savings Fund - Direct Plan - Growth,Baroda BNP Paribas Mutual Fund,Hybrid,Equity Savings,Hybrid Schemes - Equity Savings Fund,04-Jul-2019,INF955L01IL3,No,2021-09-27,2026-09-25,1233,18.6083,Active
136567,DSP Equity Savings Fund,DSP Equity Savings Fund - Direct Plan - Growth,DSP Mutual Fund,Hybrid,Equity Savings,Hybrid Scheme - Equity Savings,08-Mar-2016,INF740KA1504,No,2021-09-27,2026-09-25,1232,25.1,Active
140347,Edelweiss Equity Savings Fund,Edelweiss Equity Savings Fund - Direct Plan - Growth Option,Edelweiss Mutual Fund,Hybrid,Equity Savings,Hybrid Scheme - Equity Savings,22-Sep-2014,INF843K01KC8,No,2021-09-27,2026-09-25,1233,30.5677,Active
144466,Franklin India Equity Savings Fund,Franklin India Equity Savings Fund- Growth Direct,Franklin Templeton Mutual Fund,Hybrid,Equity Savings,Hybrid Scheme - Equity Savings,03-Aug-2018,INF090I01PD7,No,2021-09-27,2026-09-25,1232,18.6885,Active
119128,HDFC Equity Savings Fund,HDFC Equity Savings Fund - Growth Option - Direct Plan,HDFC Mutual Fund,Hybrid,Equity Savings,Hybrid Scheme - Equity Savings,20-Aug-2004,INF179K01XT4,No,2021-09-27,2026-09-25,1232,76.124,Active
151060,HSBC Equity Savings Fund,HSBC Equity Savings Fund - Direct Growth,HSBC Mutual Fund,Hybrid,Equity Savings,Hybrid Schemes - Equity Savings Fund,27-Sep-2011,INF917K01GE4,No,2022-11-28,2026-09-25,944,40.9001,Active
146457,Invesco India Equity Savings Fund,Invesco India Equity Savings Fund - Direct Plan - Growth,Invesco Mutual Fund,Hybrid,Equity Savings,Hybrid Schemes - Equity Savings Fund,14-Feb-2019,INF205KA1049,No,2021-09-27,2026-09-25,1232,18.8383,Active
131373,Kotak Equity Savings Fund,Kotak Equity Savings Fund - Direct - Growth,Kotak Mahindra Mutual Fund,Hybrid,Equity Savings,Hybrid Scheme - Equity Savings,17-Sep-2014,INF174K01D28,No,2021-09-27,2026-09-25,1232,30.5645,Active
151952,LIC MF Equity Savings Fund,LIC MF Equity Savings Fund-Direct Plan-Growth,LIC Mutual Fund,Hybrid,Equity Savings,Hybrid Scheme - Equity Savings,14-Feb-2011,INF397L01AZ5,No,2023-07-31,2026-09-25,777,32.6091,Active
140444,Mahindra Manulife Equity Savings Fund,Mahindra Manulife Equity Savings Fund - Direct Plan -Growth,Mahindra Manulife Mutual Fund,Hybrid,Equity Savings,Hybrid Schemes - Equity Savings Fund,10-Jan-2017,INF174V01184,No,2021-09-27,2026-09-25,1232,25.6237,Active
145693,Mirae Asset Equity Savings Fund,Mirae Asset Equity Savings Fund - Direct Plan - Growth,Mirae Asset Mutual Fund,Hybrid,Equity Savings,Hybrid Schemes - Equity Savings Fund,26-Nov-2018,INF769K01EK1,No,2021-09-27,2026-09-25,1232,22.964,Active
134594,Nippon India Equity Savings Fund (Existing number of Segregated Portfolios - 2),Nippon India Equity Savings Fund- Direct Plan- Growth Plan-Growth Option,Nippon India Mutual Fund,Hybrid,Equity Savings,Hybrid Scheme - Equity Savings,12-May-2015,INF204KA1W77,No,2021-09-27,2026-09-25,1232,18.161,Active
138376,PGIM India Equity Savings Fund,PGIM India Equity Savings Fund - Direct Plan - Growth,PGIM India Mutual Fund,Hybrid,Equity Savings,Hybrid Scheme - Equity Savings,15-Jan-2004,INF223J01QD0,No,2021-09-27,2026-09-25,1232,58.0699,Active
153705,quant Equity Savings Fund,quant Equity Savings Fund - Growth Option - Direct Plan,quant Mutual Fund,Hybrid,Equity Savings,Hybrid Scheme - Equity Savings,07-Jul-2025,INF966L01EC8,No,2025-07-25,2026-09-25,288,11.042,Active
134643,SBI EQUITY SAVINGS FUND,SBI Equity Savings Fund - Direct Plan - Growth,SBI Mutual Fund,Hybrid,Equity Savings,Hybrid Scheme - Equity Savings,11-May-2015,INF200KA1DF3,No,2021-09-27,2026-09-25,1241,27.4201,Active
149679,Sundaram Equity Savings Fund (Formerly Known as Principal Equity Savings Fund),Sundaram Equity Savings Fund (Formerly Known as Principal Equity Savings Fund) - Direct Plan - Growth Option,Sundaram Mutual Fund,Hybrid,Equity Savings,Hybrid Scheme - Equity Savings,22-Apr-2002,INF173K01GZ9,No,2022-01-03,2026-09-25,1166,83.2688,Active
119960,Tata Equity Savings Fund,Tata Equity Savings Fund- Direct Plan- Growth Option,Tata Mutual Fund,Hybrid,Equity Savings,Hybrid Scheme - Equity Savings,27-Apr-2000,INF277K01QH5,No,2021-09-27,2026-02-20,1085,63.7493,Inactive
144312,Union Equity Savings Fund,Union Equity Savings Fund - Direct Plan - Growth Option,Union Mutual Fund,Hybrid,Equity Savings,Hybrid Scheme - Equity Savings,19-Jul-2018,INF582M01EC1,No,2021-09-27,2026-09-25,1231,18.13,Active
144490,UTI - Equity Savings Fund,UTI Equity Savings Fund - Direct Plan - Growth Option,UTI Mutual Fund,Hybrid,Equity Savings,Hybrid Schemes - Equity Savings Fund,10-Aug-2018,INF789F1A777,No,2021-09-27,2026-09-25,1232,20.1573,Active
153355,WhiteOak Capital Equity Savings Fund,WhiteOak Capital Equity Savings Fund Direct Plan Growth,WhiteOak Capital Mutual Fund,Hybrid,Equity Savings,Hybrid Schemes - Equity Savings Fund,25-Feb-2025,INF03VN01AB7,No,2025-03-13,2026-09-25,379,11.755,Active
153774,360 ONE Multi Asset Allocation Fund,360 ONE Multi Asset Allocation Fund - Direct Plan - Growth,360 ONE Mutual Fund,Hybrid,Multi Asset Allocation,Hybrid Schemes - Multi Asset Allocation Fund,30-Jul-2025,INF579M01BM2,No,2025-08-22,2026-09-25,264,12.3644,Active
151307,Aditya Birla Sun Life Multi Asset Allocation Fund,Aditya Birla Sun Life Multi Asset Allocation Fund-Direct Growth,Aditya Birla Sun Life Mutual Fund,Hybrid,Multi Asset Allocation,Hybrid Scheme - Multi Asset Allocation,11-Jan-2023,INF209KB15R9,No,2023-02-02,2026-09-25,897,17.6135,Active
154438,AlphaGrep Multi Asset Allocation Fund,ALPHAGREP MULTI ASSET ALLOCATION FUND-DIRECT-GROWTH,AlphaGrep Mutual Fund,Hybrid,Multi Asset Allocation,Hybrid Schemes - Multi Asset Allocation Fund,06-Jul-2026,INF2VOA01012,No,2026-07-27,2026-09-25,44,10.3342,Active
120524,Axis Multi Asset Allocation Fund,Axis Multi Asset Allocation Fund - Direct Plan - Growth Option,Axis Mutual Fund,Hybrid,Multi Asset Allocation,Hybrid Schemes - Multi Asset Allocation Fund,30-Jun-2010,INF846K01EV4,No,2021-09-27,2026-09-25,1239,52.4654,Active
152639,Bajaj Finserv Multi Asset Allocation Fund,Bajaj Finserv Multi Asset Allocation Fund - Direct Growth,Bajaj Finserv Mutual Fund,Hybrid,Multi Asset Allocation,Hybrid Scheme - Multi Asset Allocation,13-May-2024,INF0QA701821,No,2024-06-06,2026-09-25,570,12.5176,Active
152324,BANDHAN MULTI ASSET ALLOCATION FUND,Bandhan Multi Asset Allocation Fund - Direct Plan - Growth,Bandhan Mutual Fund,Hybrid,Multi Asset Allocation,Hybrid Scheme - Multi Asset Allocation,10-Jan-2024,INF194KB1HM7,No,2024-02-01,2026-09-25,663,14.6647,Active
152396,Bank of India Multi Asset Allocation Fund,Bank of India Multi Asset Allocation Fund-Direct Plan-Growth,Bank of India Mutual Fund,Hybrid,Multi Asset Allocation,Hybrid Scheme - Multi Asset Allocation,07-Feb-2024,INF761K01FZ3,No,2024-03-01,2026-09-25,621,13.0503,Active
150865,Baroda BNP Paribas Multi Asset Fund,Baroda BNP Paribas Multi Asset Fund - Direct Plan - Growth Option,Baroda BNP Paribas Mutual Fund,Hybrid,Multi Asset Allocation,Hybrid Scheme - Multi Asset Allocation,28-Nov-2022,INF251K01RF2,No,2022-12-26,2026-09-25,924,16.7022,Active
153465,Canara Robeco Multi Asset Allocation Fund,Canara Robeco Multi Asset Allocation Fund - Direct Plan - Growth,Canara Robeco Mutual Fund,Hybrid,Multi Asset Allocation,Hybrid Schemes - Multi Asset Allocation Fund,09-May-2025,INF760K01LH1,No,2025-06-03,2026-09-25,326,11.33,Active
154232,Capitalmind Multi Asset Allocation Fund,Capitalmind Multi Asset Allocation Fund-Direct-Growth,Capitalmind Mutual Fund,Hybrid,Multi Asset Allocation,Hybrid Scheme - Multi Asset Allocation,23-Feb-2026,INF226401059,No,2026-03-20,2026-09-24,128,9.9223,Active
152056,DSP Multi Asset Allocation Fund,DSP Multi Asset Allocation Fund - Direct - Growth,DSP Mutual Fund,Hybrid,Multi Asset Allocation,Hybrid Schemes - Multi Asset Allocation Fund,07-Sep-2023,INF740KA1TE9,No,2023-09-29,2026-09-24,686,16.4971,Active
151792,Edelweiss Multi Asset Allocation Fund,Edelweiss Multi Asset Allocation Fund - Direct Plan - Growth,Edelweiss Mutual Fund,Hybrid,Multi Asset Allocation,Hybrid Scheme - Multi Asset Allocation,05-Jun-2023,INF754K01RS8,No,2023-06-26,2026-09-25,788,12.6813,Active
153731,Franklin India Multi Asset Allocation Fund,Franklin India Multi Asset Allocation Fund- Direct-Growth,Franklin Templeton Mutual Fund,Hybrid,Multi Asset Allocation,Hybrid Scheme - Multi Asset Allocation,11-Jul-2025,INF090I01YH0,No,2025-07-31,2026-09-25,283,10.9951,Active
153821,Groww Multi Asset Allocation Fund,Groww Multi Asset Allocation Fund Direct Growth,Groww Mutual Fund,Hybrid,Multi Asset Allocation,Hybrid Schemes - Multi Asset Allocation Fund,10-Sep-2025,INF666M01MA9,No,2025-10-03,2026-09-25,242,10.2197,Active
119131,HDFC Multi Asset Allocation Fund,HDFC Multi Asset Allocation Fund - Growth Option - Direct Plan,HDFC Mutual Fund,Hybrid,Multi Asset Allocation,Hybrid Schemes - Multi Asset Allocation Fund,11-Jul-2005,INF179K01XW8,No,2021-09-27,2026-09-25,1232,83.615,Active
152380,HSBC Multi Asset Allocation Fund,HSBC Multi Asset Allocation Fund - Direct - Growth,HSBC Mutual Fund,Hybrid,Multi Asset Allocation,Hybrid Schemes - Multi Asset Allocation Fund,08-Feb-2024,INF336L01RI3,No,2024-03-01,2026-09-25,633,14.1422,Active
120334,ICICI Prudential Multi Asset Allocation Fund,ICICI Prudential Multi Asset Allocation Fund - Direct Plan - Growth,ICICI Prudential Mutual Fund,Hybrid,Multi Asset Allocation,Hybrid Schemes - Multi Asset Allocation Fund,07-Oct-2002,INF109K015K4,No,2021-09-27,2026-09-24,1229,882.1661,Active
153047,Invesco India Multi Asset Allocation Fund,Invesco India Multi Asset Allocation Fund - Direct Plan - Growth,Invesco Mutual Fund,Hybrid,Multi Asset Allocation,Hybrid Schemes - Multi Asset Allocation Fund,27-Nov-2024,INF205KA1AC1,No,2024-12-19,2026-09-25,437,12.56,Active
154498,ITI Multi Asset Allocation Fund,ITI Multi Asset Allocation Fund - Direct Plan - Growth Option,ITI Mutual Fund,Hybrid,Multi Asset Allocation,Hybrid Schemes - Multi Asset Allocation Fund,17-Aug-2026,INF00XX01DS6,No,2026-09-10,2026-09-25,11,9.9563,Active
154423,JM Multi Asset Allocation Fund,JM Multi Asset Allocation Fund (Direct) - Growth Option,JM Financial Mutual Fund,Hybrid,Multi Asset Allocation,Hybrid Schemes - Multi Asset Allocation Fund,24-Jun-2026,INF192K01NQ4,No,2026-07-20,2026-09-25,49,10.2237,Active
152064,Kotak Multi Asset Allocation Fund,Kotak Multi Asset Allocation Fund - Direct Plan - Growth Option,Kotak Mahindra Mutual Fund,Hybrid,Multi Asset Allocation,Hybrid Scheme - Multi Asset Allocation,31-Aug-2023,INF174KA1PD4,No,2023-10-03,2026-09-24,734,16.549,Active
153246,LIC MF Multi Asset Allocation Fund,LIC MF Multi Asset Allocation Fund-Direct Plan-Growth,LIC Mutual Fund,Hybrid,Multi Asset Allocation,Hybrid Scheme - Multi Asset Allocation,24-Jan-2025,INF767K01RZ5,No,2025-02-18,2026-09-25,395,12.4722,Active
152443,Mahindra Manulife Multi Asset Allocation Fund,Mahindra Manulife Multi Asset Allocation Fund- Direct Plan - Growth,Mahindra Manulife Mutual Fund,Hybrid,Multi Asset Allocation,Hybrid Schemes - Multi Asset Allocation Fund,20-Feb-2024,INF174V01BW2,No,2024-03-15,2026-09-25,624,14.3334,Active
152344,Mirae Asset Multi Asset Allocation Fund,Mirae Asset Multi Asset Allocation Fund - Direct Plan - Growth,Mirae Asset Mutual Fund,Hybrid,Multi Asset Allocation,Hybrid Schemes - Multi Asset Allocation Fund,10-Jan-2024,INF769K01KZ6,No,2024-02-01,2026-09-25,654,14.007,Active
148457,Nippon India Multi Asset Allocation Fund,Nippon India Multi Asset Allocation Fund - Direct Plan - Growth Option,Nippon India Mutual Fund,Hybrid,Multi Asset Allocation,Hybrid Scheme - Multi Asset Allocation,07-Aug-2020,INF204KB19V4,No,2021-09-27,2026-09-24,1229,26.7698,Active
153987,PGIM India Multi Asset Allocation Fund,PGIM India Multi Asset Allocation Fund - Direct Plan - Growth Option,PGIM India Mutual Fund,Hybrid,Multi Asset Allocation,Hybrid Scheme - Multi Asset Allocation,11-Nov-2025,INF663L010A3,No,2025-12-03,2026-09-25,202,10.57,Active
120821,Quant Multi Asset Allocation Fund,quant Multi Asset Allocation Fund-GROWTH OPTION-Direct Plan,quant Mutual Fund,Hybrid,Multi Asset Allocation,Hybrid Scheme - Multi Asset Allocation,19-Feb-2001,INF966L01580,No,2021-09-27,2026-09-25,1232,180.5618,Active
152474,Quantum Multi Asset Allocation Fund,Quantum Multi Asset Allocation Fund - Direct Plan Growth Option,Quantum Mutual Fund,Hybrid,Multi Asset Allocation,Hybrid Scheme - Multi Asset Allocation,19-Feb-2024,INF082J01457,No,2024-03-07,2026-09-25,628,12.07,Active
153092,Samco Multi Asset Allocation Fund,Samco Multi Asset Allocation Fund - Direct Plan - Growth,Samco Mutual Fund,Hybrid,Multi Asset Allocation,Hybrid Scheme - Multi Asset Allocation,04-Dec-2024,INF0K1H01230,No,2024-12-31,2026-09-24,429,12.41,Active
119843,SBI MULTI ASSET ALLOCATION FUND,SBI MULTI ASSET ALLOCATION FUND - DIRECT PLAN - GROWTH,SBI Mutual Fund,Hybrid,Multi Asset Allocation,Hybrid Scheme - Multi Asset Allocation,09-Nov-2005,INF200K01TZ3,No,2021-09-27,2026-09-25,1220,74.337,Active
152051,Shriram Multi Asset Allocation Fund,Shriram Multi Asset Allocation Fund - Direct Growth,Shriram Mutual Fund,Hybrid,Multi Asset Allocation,Hybrid Schemes - Multi Asset Allocation Fund,18-Aug-2023,INF680P01406,No,2023-09-15,2026-09-25,744,13.6888,Active
152314,Sundaram Multi Asset Allocation Fund,Sundaram Multi Asset Allocation Fund Direct Plan Growth,Sundaram Mutual Fund,Hybrid,Multi Asset Allocation,Hybrid Scheme - Multi Asset Allocation,05-Jan-2024,INF903JA1LK9,No,2024-01-29,2026-09-25,657,13.5112,Active
148053,Tata Multi Asset Allocation Fund,Tata Multi Asset Allocation Fund-Direct Plan-Growth,Tata Mutual Fund,Hybrid,Multi Asset Allocation,Hybrid Scheme - Multi Asset Allocation,14-Feb-2020,INF277K019Y3,No,2021-09-27,2026-09-24,1230,27.6885,Active
153999,The Wealth Company Multi Asset Allocation Fund,The Wealth Company Multi Asset Allocation Fund - Direct Growth,The Wealth Company Mutual Fund,Hybrid,Multi Asset Allocation,Hybrid Scheme - Multi Asset Allocation,19-Nov-2025,INF2F0001347,No,2025-12-12,2026-09-25,195,10.9169,Active
152787,Union Multi Asset Allocation Fund,Union Multi Asset Allocation Fund- Direct Plan - Growth Option,Union Mutual Fund,Hybrid,Multi Asset Allocation,Hybrid Scheme - Multi Asset Allocation,20-Aug-2024,INF582M01JY4,No,2024-09-13,2026-09-25,502,12.33,Active
120760,UTI Multi Asset Allocation Fund,UTI Multi Asset Allocation Fund - Direct Plan - Growth Option,UTI Mutual Fund,Hybrid,Multi Asset Allocation,Hybrid Schemes - Multi Asset Allocation Fund,21-Oct-2008,INF789F01VE6,No,2021-09-27,2026-09-25,1232,86.763,Active
151745,WhiteOak Capital Multi Asset Allocation Fund,WhiteOak Capital Multi Asset Allocation Fund Direct Plan Growth,WhiteOak Capital Mutual Fund,Hybrid,Multi Asset Allocation,Hybrid Schemes - Multi Asset Allocation Fund,03-May-2023,INF03VN01761,No,2023-05-22,2026-09-24,811,16.622,Active
